,full_url,lang,summary,title
0,https://ar.wikipedia.org/wiki/%D8%A7%D9%84%D8%AD%D8%B1%D8%A8_%D8%B9%D9%84%D9%89_%D8%BA%D8%B2%D8%A9_2014,ar,"الحرب على غزة 2014 نزاع عسكري بين إسرائيل وحركات المقاومة الفلسطينية في قطاع بدأ فعلياً يوم 8 يوليو 2014 والتي أطلق عليها الجيش الإسرائيلي عملية الجرف الصامد وردت كتائب عز الدين القسام بمعركة العصف المأكول  وردت حركة الجهاد الإسلامي بعملية البنيان المرصوص بعد موجة عنف تفجرت مع خطف وتعذيب وحرق الطفل محمد أبو خضير من شعفاط على أيدي مجموعة مستوطنين في 2 يوليو 2014،، وإعادة اعتقال العشرات من محرري صفقة شاليط، وأعقبها احتجاجات واسعة في القدس وداخل عرب 48 وكذلك مناطق الضفة الغربية، واشتدت وتيرتها بعد أن دهس إسرائيلي اثنين من العمال العرب قرب حيفا، وتخلل التصعيد قصف متبادل بين إسرائيل والمقاومة الفلسطينية في قطاع .
تخلل هذه الحرب عدة عمليات عسكرية مثل عملية ناحل عوز وعملية العاشر من رمضان.
وكان الهدف المعلن من العملية الإسرائيلية هو وقف إطلاق الصواريخ من غزة إلى إسرائيل، التي ازدادت بعد الحملة الإسرائيلية ضد حماس في الضفة الغربية في أعقاب عملية اختطاف وقتل ثلاثة مستوطنين إسرائيليين  في 12 حزيران / يونيه 2014 من قبل حركة حماس. [32] [33] [34] على العكس من ذلك، كان هدف حماس هو الحصول على الضغط الدولي لرفع الحصار الإسرائيلي على قطاع غزة، وإنهاء الهجوم الإسرائيلي، والحصول على طرف ثالث لمراقبة وضمان الامتثال لوقف إطلاق النار، [35] وإطلاق سراح الأسرى الفلسطينيين والتغلب على حالة الانعزال السياسي المفروة على الحركة.[36] يدعي البعض أن إسرائيل كانت أول من كسر اتفاق وقف إطلاق النار مع حماس في 13 يونيو، والذي كان قائمًا منذ نوفمبر 2012. [37] ومع ذلك، ذكرت إسرائيل أن الغارات الجوية على غزة كانت بمثابة رد فعل لإطلاق الصواريخ من قطاع غزة.
وفي 7 يوليو / تموز، وبعد مقتل سبعة من نشطاء حركة حماس في انفجار نفق في خان يونس، الذي نجم عن غارة جوية إسرائيلية (وفقًا لكل من حماس وناثان ثرال، وبي بي سي، ومسؤول كبير بجيش الدفاع الإسرائيلي [39]) أو انفجار عرضي للذخيرة (وفقًا لجيش الدفاع الإسرائيلي))، تحملت حماس المسؤولية عن إطلاق الصواريخ على إسرائيل، إذ أطلقت 40 صاروخًا باتجاه إسرائيل.
بدأت العملية رسميًا في اليوم التالي، وفي 17 يوليو، تم توسيع العملية لتشمل الغزو الإسرائيلي لقطاع غزة بهدف تدمير نظام الأنفاق في غزة؛ ثم انسحبت القوات البرية الإسرائيلية في 5 أغسطس. وفي 26 آب / أغسطس، أُعلن وقف إطلاق نار مفتوح. وبحلول ذلك التاريخ، أفاد جيش الدفاع الإسرائيلي أن حماس وحركة الجهاد الإسلامي وجماعات مسلحة أخرى أطلقت 4564 صاروخًا وقذائف هاون من قطاع غزة إلى إسرائيل، وتم اعتراض أكثر من 735 مقذوف أثناء القتال وإسقاطه بواسطة القبة الحديدية. أصابت معظم قذائف الهاون والصواريخ التي أُطلقت من غزة أراضٍ مفتوحة. بينما أصابت أكثر من 280 قذيفة مناطق متفرقة من غزة، وأصاب 224 منها مناطق سكنية. كما قتلت القذائف 13 مدنيًا من غزة، من بينهم 11 طفلًا.وهاجم الجيش الإسرائيلي 263 5 هدفًا في غزة؛ وتم تدمير ما لا يقل عن 34 نفق معروف ، ونفذت ثلثا ترسانة حماس البالغ عددها 10 آلاف صاروخ أو دُمرت.",الحرب على غزة 2014
1,https://az.wikipedia.org/wiki/Qoruyucu_S%C9%99rh%C9%99d_%C9%99m%C9%99liyyat%C4%B1,az,Qoruyucu Sərhəd əməliyyatı — 8 iyul 2014-cü ildə İsrail ordusunun Qəzzaya qarşı başladığı hücum əməliyyatıdır. İsrail ordu spikeri etdiyi şərhdə Qəzzadan İsrailin cənubuna atılan raketləri maneə törətmək məqsədiylə əməliyyat başladıldığını bildirib.,Qoruyucu Sərhəd əməliyyatı
2,https://be-x-old.wikipedia.org/wiki/%D0%90%D0%BF%D1%8D%D1%80%D0%B0%D1%86%D1%8B%D1%8F_%C2%AB%D0%9D%D0%B5%D0%BF%D0%B0%D1%80%D1%83%D1%88%D0%BD%D0%B0%D1%8F_%D1%81%D0%BA%D0%B0%D0%BB%D0%B0%C2%BB,be-x-old,"Апэрацыя «Непарушная скала» (па-габрэйску: מִבְצָע צוּק אֵיתָן‎, Міўца Цук Эйтан) — узброеная апэрацыя ізраільскага войска (ААІ) у палестынскім сэктары Газа, якая распачалася 8 ліпеня 2014 году пасьля эскаляцыі напружаньня між Ізраілем і Хамасам.
Падчас вышукаў выкрадзеных і забітых у чэрвені 2014 року ізраільскіх падлеткаў вайскоўцы Ізраілю забілі дзесяцёх палестынцаў і абкружылі каля 500 чальцоў Хамасу. У адказ Хамас павялічыў ракетныя атакі на Ізраіль. Да 7 ліпеня з сэктару Газа былі выпушчаныя 100 ракетаў па ізраільскай тэрыторыі ў бок Бэершэбы, Ашдоду, Афакіму, Ашкелону і Нэтывоту, у адказ Ізраіль ударыў па асобных месцах у Газе. Уночы зь 7 на 8 ліпеня Ізраіль атакаваў 50 мэтаў у паласе Газа, а палестынскія паўстанцы ў Газе за 24 гадзіны стрэлілі 140 ракетамі, якія дасягнулі Хадэры. Ізраільская проціракетная сыстэма абароны «Жалезны купал» перахапіла каля 30 зь іх. Ізраіль таксама перашкодзіў вайсковаму пранікненьню з мора.
14 ліпеня Эгіпет прапанаваў замірэньне. Ізральскі ўрад прыняў прапанову і ранкам 15 ліпеня часова спыніў баявыя дзеі. Аднак усе палестынскія арганізацыі адмовіліся спыніць агонь, заявіўшы, што ня бралі ўдзелу ў перамовах па замірэньні.
Цяперашняя апэрацыя стала самым жорсткім канфліктам у сэктары Газа з вайны 2008—2009 рокаў: паводле паведамленьня Міністэрства здароўя Газы, загінулі прынамсі 1000 і параненыя каля 6000 палестынцаў. Паводле зьвестак Управы па каардынацыі гуманітарных пытаньняў ААН, па стане на 26 ліпеня 676 забітых былі мірнымі грамадзянамі, 315 зь іх — жанчынамі і дзецьмі. Армія абароны Ізраілю абвінавачвае Хамас у выкарыстаньні насельніцтва як «жывога шчыта».
Праваахоўныя групы выказалі заклапочанасьць тым, што як палестынскія ракетныя ўдары, так і мэтанакіраваныя ўдары ізраільскага войска па жылых будынках парушаюць міжнародныя гуманітарныя законы і могуць паслужыць абвінавачваньнем у ваенных злачынствах.",Апэрацыя «Непарушная скала»
3,https://bn.wikipedia.org/wiki/%E0%A7%A8%E0%A7%A6%E0%A7%A7%E0%A7%AA_%E0%A6%87%E0%A6%B8%E0%A6%B0%E0%A6%BE%E0%A6%AF%E0%A6%BC%E0%A7%87%E0%A6%B2%E0%A7%87%E0%A6%B0_%E0%A6%AB%E0%A6%BF%E0%A6%B2%E0%A6%BF%E0%A6%B8%E0%A7%8D%E0%A6%A4%E0%A6%BF%E0%A6%A8_%E0%A6%86%E0%A6%95%E0%A7%8D%E0%A6%B0%E0%A6%AE%E0%A6%A3,bn,"২০১৪ ইসরায়েলের ফিলিস্তিন আক্রমণ বা ইসরায়েলের দেয়া কোড নাম মিভৎযা যুক এইতান (হিব্রু ভাষায়: מִבְצָע צוּק אֵיתָן‎) হচ্ছে ইসরায়েলি সামরিক বাহিনী কর্তৃক ৭ জুলাই মধ্যরাতে গাজা ভূখণ্ডে করা আক্রমণ। ইসরায়েলি সরকার গাজা থেকে আসা রকেটের পাল্টা জবাব হিসেবে দাবি করেছে।
এই ঘটনার সূত্রপাত ঘটে তিন ইসরায়েলি কিশোর হত্যাকে কেন্দ্র করে; যার জন্য ইসরায়েলি সরকার হামাসকে এই ঘটনার জন্য দায়ী করে। কিন্তু হামাস এই দাবি প্রত্যাখ্যান করে।  যদিও এই ঘটনার জন্য কয়েকশোর অধিক ফিলিস্তিনিকে পশ্চিম তীরে আটক করা হয়।  এই ঘটনার জের ধরে কয়েকজন কট্টর ইহুদি আবু খাদির নামের এক ১৬ বছর বয়সী কিশোরকে হত্যা করে। এই আক্রমণের ফলে ইসরায়েলের কেউ মারা না গেলেও; ২,১৪৩ এর অধিক ফিলিস্তিনি মারা যায় যার তিন চতুর্থাংশই বেসামরিক ব্যক্তি। এছাড়াও নিষ্করুণ ইসরায়েলি হামলার কারণে এখন পর্যন্ত প্রায় ১০,৮৯৫-জন ফিলিস্তিনির আহত হওয়ার খবর পাওয়া গিয়েছে। 
জাতিসংঘের মহাসচিব, বান কি মুন এই পরিস্থিতিকে ইসরায়েল-ফিলিস্তিন শান্তি আলোচনার জন্য বড় বাঁধা হিসেবে মন্তব্য করেছেন।",২০১৪ ইসরায়েলের ফিলিস্তিন আক্রমণ
4,https://bs.wikipedia.org/wiki/Operacija_%22Za%C5%A1titni_rub%22,bs,"Operacija ""Zaštitni rub"" (heb.:  מִבְצָע צוּק אֵיתָ Mivẓaʿ Ẓuq ʾÉyṯan, eng: ""Operation Protective Edge"") je vojna ofanziva izraelske vojske u pojasu Gaze. Do sada je u Gazi poginulo najmanje 1500 osoba a najmanje 7500 je ranjeno, preko 750000 stanovnika Gaze su u bijegu. Izrael je od 8. jula izgubio 56 vojnika, dok je 6 civila poginulo.","Operacija ""Zaštitni rub"""
5,https://ca.wikipedia.org/wiki/Operaci%C3%B3_Marge_Protector,ca,"L'Operació Marge Protector (hebreu: מִבְצָע צוּק אֵיתָן, Mivtza' Tzuk Eitan; vegeu Nom més avall) és una ofensiva militar de les Forces de Defensa d'Israel (FDI) contra la franja de Gaza iniciada el 8 de juliol de 2014. L'operació va anar precedida d'una escalada de violència a la zona, que va començar amb el segrest i assassinat de tres joves israelians el 12 de juny, del qual Israel va acusar a Hamas.Posteriorment el segrest i assassinat d'un noi palestí a Jerusalem Est va provocar revoltes als assentaments palestins i el llançament de diversos coets des de la Franja de Gaza, als que Israel va respondre amb bombardejos aeris. Després d'un intent fallit de treva el dia 4 Israel llençà formalment l'operació el dia 8 de juliol. En paraules israelianes, l'operació hauria de ser ""llarga"" i ""aturar el terror que molts israelians pateixen diàriament"".Diferents fonts adverteixen el mateix dia 8 d'un gran nombre d'atacs indiscriminats i fins a 18 baixes civils entre els palestins entre els quals hi hauria almenys tres menors. Les informacions a l'inici de la campanya senyalaven que el govern israelià hauria mobilitzat milers de reservistes i estaria preparant una ofensiva terrestre a gran escala.
El dia 10 es reportaren ja 76 morts palestines. xifra que va créixer fins a 192 el dia 15. El 14 de juliol, l'Oficina de les Nacions Unides per a la Coordinació d'Assumptes Humanitaris estimà que almenys el 77% dels morts eren civils, dels quals el 26% eren nens. Segons el Ministeri de Salut de Gaza, més de 1.400 palestins han resultat ferits. Les Forces de Defensa d'Israel estimaren que al voltant de 90 dels morts eren militants de Hamas, i afirma que Hamas feia servir la població de Gaza com a escuts humans, mentre que l'ONG israeliana B'tselem afirma que 10 dels atacs que han matat civils podrien constituir crims de guerra. El 13 de juliol s'havia informat de més de 1.300 atacs israelians, mentre que s'havien disparat més de 800 míssils des de Gaza cap a Israel.El 14 de juliol, Egipte va proposar un alto el foc. El govern d'Israel va acceptar la proposta, i va aturar temporalment les hostilitats el matí del 15 de juliol. No obstant això, Hamàs, que va dir que no havia estat consultat sobre l'alto el foc, el va rebutjar en ""la seva forma actual"". El 16 de juliol, Hamàs i Gihad Islàmic palestí va oferir a Israel una treva de 10 anys, amb 10 condicions. El Secretari d'Estat dels Estats Units, John Kerry, va visitar Egipte el 21 de juliol per negociar un alto el foc a Gaza.L'Operació Marge Protector és l'operació militar més letal que ha tingut lloc a Gaza des de la guerra de Gaza de 2008-2009. Almenys 508 palestins han estat morts. L'Oficina de les Nacions Unides per a la Coordinació d'Assumptes Humanitaris va estimar, utilitzant informació preliminar, que fins al 20 de juliol gairebé el 72% dels morts eren civils, dels quals el 44% eren dones o nens. Segons el Ministeri de Salut de Gaza, més de 3.008 palestins han resultat ferits. Les Forces de Defensa d'Israel estimen que, fins al 14 de juliol, al voltant de 90 dels morts eren militants de Hamàs, i va dir que Hamàs feia servir la població de Gaza com a ""escuts humans"", acusació que fou negada per Hamàs. El 19 de juliol, les autoritats israelianes també van advertir els periodistes internacionals que es trobaven a Gaza que Hamàs ""havia utilitzat en el passat als periodistes com a escuts humans"", cosa que fou negada pels periodistes. Les Forces de Defensa d'Israel van informar que fins al 13 de juliol s'havien produït més de 1.300 atacs israelians, mentre que s'havien disparat més de 800 míssils des de Gaza cap a Israel.Grups de drets humans han afirmat que els atacs amb coets palestins i la destrucció premeditada de les cases de membres de Hamàs i d'altres milícies feta per Israel violen del dret humanitari internacional i podrien constituir crims de guerra.",Operació Marge Protector
6,https://cs.wikipedia.org/wiki/Operace_Ochrann%C3%A9_ost%C5%99%C3%AD,cs,"Operace Ochranné ostří (hebrejsky מִבְצָע צוּק אֵיתָן‎‎ Mivca' Cuk Ejtan, doslova Operace Pevná skála, anglicky Operation Protective Edge) byla ofenzivní operace Izraelských obranných sil (IOS) vůči Pásmu Gazy ovládanému islamistickým hnutím Hamás, která byla zahájena 8. července 2014 po zostření situace mezi Izraelem a Hamásem.Ukončena byla stažením izraelských jednotek 26. srpna 2014.
Operace začala týden po nalezení tří mrtvých těl unesených a zavražděných izraelských mladíků na Západním břehu Jordánu, z jejichž vraždy Izrael obvinil dva členy hnutí Hamás navzdory tomu, že představitelé hnutí Hamás svou účast popřeli, ale připustili, že se tak mohlo stát bez vědomí politického křídla hnutí Při následné odvetné operaci Bratrův ochránce na potlačení buněk a infrastruktury Hamásu bylo zabito šest palestinských příslušníků Hamásu a dalších 600 osob bylo zatčeno.2. července, den po pohřbu unesených mladíků, byl unesen šestnáctiletý palestinský mladík Muhammad abú Chudajr a byl upálen zaživa. 6. července Šabak dopadl šest podezřelých z vraždy ve věku 16–25 let, kteří pocházejí všichni z ortodoxních židovských rodin. Již během Chudajrova pohřbu se maskovaní Palestinci střetli s izraelskými policisty, nepokoje se dále rozrostly do celého východního Jeruzaléma, na jih Izraele a do mnoha arabských vesnic po celé zemi. Izraelský premiér Netanjahu vraždu palestinského mladíka odsoudil a vrahy označil za ""židovské teroristy"". Kromě Muhammada abú Chudajra se navíc ve východním Jeruzalémě od 4. července pátrá po zmizelém palestinském chlapci.V téže době vzplanulo vzájemné raketové ostřelování mezi Izraelem a Pásmem Gazy a to navzdory nabídce příměří zprostředkovaného egyptskou rozvědkou. V pondělí 7. července bylo na Beerševu, Aškelon, Ašdod, Nes Cijonu (ležící asi 20 km od Ben Gurionova letiště) a mnohá další města vypáleno podle údajů IOS přibližně 80 raket. K útoku se přiznalo hnutí Hamás. Během noci na 8. července pokračovalo ostřelování izraelských měst z Pásma Gazy. Během dalšího dne na Izrael vyletělo více než 154 raket, z nichž Železná kopule zneškodnila 29 raket. Několik raket dokonce zasáhlo město Chaderu ležící asi 50 kilometrů severně od Tel Avivu. Izraelská armáda také potlačila několik pokusů Palestinců infiltrovat jih Izraele. Operace Ochranné ostří oficiálně začala v úterý 8. července 2014 v 1:30 hodin.Tiskový mluvčí prezidenta Státu Palestina Mahmúda Abbáse odsoudil izraelský útok na Pásmo Gazy a označil ho za vyhlášení války Palestincům, zároveň označil izraelský útok za otevřený masakr, proti kterému se mohou Palestinci bránit všemi legitimními prostředky. Mluvčí Izraelských obranných sil (IOS) v první informaci o zahájení akcí napsal doslova: IOS zahájila operaci Ochranné ostří v Gaze proti Hamásu k zastavení každodenního teroru vůči izraelským občanům.Operace Ochranné ostří je nejkrvavějším palestinsko-izraelským střetnutím od Druhé intifády a zároveň dosud nejdelší izraelskou vojenskou akcí v pásmu Gazy (operace Lité olovo na přelomu let 2008 a 2009 probíhala tři týdny a stála život 1300 Palestinců a 13 Izraelců).",Operace Ochranné ostří
7,https://cy.wikipedia.org/wiki/Ymosodiad_Israel_ar_Lain_Gaza_2014,cy,"Lansiwyd Ymosodiad Israel ar Lain Gaza 2014 (Hebraeg: מִבְצָע צוּק אֵיתָן, Mivtza' Tzuk Eitan, yn llythrennol: ""Ymgyrch y  Clogwyni Cedyrn""; Saesneg: Operation Protective Edge) ar 8 Gorffennaf 2014 gan Lu Amddiffyn Israel (IVF) yn swyddogol yn erbyn aelodau o Hamas ond erbyn 28ain o Awst roedd 2,145 o Balisteinaidd wedi eu lladd (80% sifiliaid) a 10,895 o Balesteiniaid wedi'u hanafu. Yn y cyfamser, lladdwyd 6 o sifiliaid Israelaidd. Cafwyd ymateb rhyngwladol chwyrn - gan fwyaf yn cytuno bod ymateb milwrol Israel yn rhy lawdrwm (""disproportional"").
Roedd yr ymosodiad hwn gan Israel yn dilyn sawl ffactor gan gynnwys lladd tri bachgen; ac roedd awdurdodau Israel yn beio Hamas. Gwadodd Hamas unrhyw gysylltiad â llofruddiaeth y tri bachgen. Ffactorau cefndirol eraill oedd bod cyflwr bywyd yn y Llain Gaza wedi gwaethygu'n arw ers ei droi'n warchae yn 2005 a methiant cynlluniau Unol Daleithiau America i greu cynllun heddwch derbyniol. Yn y gwrthdaro dilynol lladdodd byddin Israel 8 o Balesteiniaid ac arestiwyd cannoedd o bobl ganddynt. Ymatebodd Hamas drwy ddweud na fyddai'n ymatal hyd nes bod Israel yn rhyddhau'r bobl hyn.Erbyn y 12fed taniwyd 525 roced o Lain Gaza i gyfeiriad Israel ac ataliwyd 118 ohonynt gan system arfau Iron Dome Israel. Credir bod 22 o sifiliaid Israelaidd wedi derbyn mân-anafiadau.
Yr ymosodiad hwn oedd y mwyaf gwaedlyd yn Gaza ers 1957. Yn Ionawr 2015 cyhoeddwyd y byddai y Llys Troseddau Rhyngwladol yn agor Ymchwiliad i droseddau yn ymwneud ag Ymosodiad Israel ar Lain Gaza 2014.
Cyhoeddodd Amnest Rhyngwladol nad oedd unrhyw dystiolaeth bod sifiliaid wedi cael eu defnyddio fel tariannau i amddiffyn arfau neu bersonél. Cyhoeddodd Human Rights Watch fod ymateb llawdrwm Israel yn ""disproportionate"" and ""indiscriminate"".",Ymosodiad Israel ar Lain Gaza 2014
8,https://de.wikipedia.org/wiki/Operation_Protective_Edge,de,"Die Operation Protective Edge (hebräisch מִבְצָע צוּק אֵיתָן, Miv'tza Tzuk Eitan, „Operation starker Fels“, „Operation Schutzlinie“) war eine Militäroperation der israelischen Verteidigungsstreitkräfte. Sie begann am 8. Juli 2014 als Reaktion auf anhaltenden Raketenbeschuss Israels durch die Hamas und andere militante palästinensische Gruppen aus dem Gazastreifen und endete am 26. August 2014 mit einer unbefristeten Waffenruhe.
Die Militäroperation gehört zum Israelisch-Palästinensischen Konflikt und ist als solche Teil des Nahostkonflikts. In den Medien wurde auch die Bezeichnung Gaza-Krieg oder Gaza-Konflikt verwendet.",Operation Protective Edge
9,https://diq.wikipedia.org/wiki/%C4%9Eeza_sero_operasyon%C3%AA_%C4%B0sraili_2014,diq,"Ğeza sero operasyonê İsraili 2014 (İbranki: מִבְצָע צוּק אֵיתָן‎, Mivtza' Tzuk Eitan; Erebki: الحرب على غزة ) jew operasyono ke tarixê Temuz 8, 2014 de sıfte kerdo u tıra keno. İsrail eno operasyon koordine keno u zerrekê operasyoni de quwetê hewa, erd u deryay esti. Heziran 12 de hiri (3) İsrailic merde viniyao u İsrail qandê kıştoğanê İsrailican diyene operasyon ra kerdo. Bahdo yew Fılistinıc terefê İsrailıcan ra kışiyao u dı terefan miyan de gırey cıra kerdo. Hata ınka operasyonê İsraili de yew esker u sivilê İsrailıc u dıse u şeşti u ponc (265) Fılıstinıci merdê. İsrail ebe silahê teknolociki ra Ğeza sero şıno u Ğeza İsrail sero roketi erzıno. Operasyon tarixê 26 Ağustos de bı sulh peyni dayo. Her dı terefi ki veram (ğelıbıyet) kerdi ilan.",Ğeza sero operasyonê İsraili 2014
10,https://el.wikipedia.org/wiki/%CE%99%CF%83%CF%81%CE%B1%CE%B7%CE%BB%CE%B9%CE%BD%CE%AE_%CE%95%CF%80%CE%AF%CE%B8%CE%B5%CF%83%CE%B7_%CF%83%CF%84%CE%B7_%CE%9B%CF%89%CF%81%CE%AF%CE%B4%CE%B1_%CF%84%CE%B7%CF%82_%CE%93%CE%AC%CE%B6%CE%B1%CF%82_(2014),el,Στις 8 Ιουλίου 2014 το Ισραήλ εξαπέλυσε την Επιχείρηση Προστατευτική Αιχμή (εβραϊκά: מבצע צוק איתן‎) εναντίον της παλαιστινιακής Λωρίδας της Γάζας. Το Ισραήλ υποστήριξε ότι ο λόγος για την επιχείρηση ήταν οι επιθέσεις ρουκετών στο έδαφος του Ισραήλ από ενόπλους της παλαιστινιακής οργάνωσης Χαμάς. Από τις 26 Αυγούστου 2014 η επίθεση σταμάτησε και κηρύχθηκε νέα εκεχειρία επ' αόριστον.,Ισραηλινή Επίθεση στη Λωρίδα της Γάζας (2014)
11,https://en.wikipedia.org/wiki/2014_Israel%E2%80%93Gaza_conflict,en,"The 2014 Israel–Gaza conflict also known as Operation Protective Edge (Hebrew: מִבְצָע צוּק אֵיתָן‬, Miv'tza Tzuk Eitan, lit. ""Operation Strong Cliff"") and sometimes referred to as the 2014 Gaza war,
was a military operation launched by Israel on 8 July 2014 in the Hamas-ruled Gaza Strip. Following the kidnapping and murder of three Israeli teenagers by Hamas members, the IDF conducted Operation Brother's Keeper to arrest militant leaders, Hamas fired rockets into Israel and a seven-week conflict broke out. The Israeli airstrikes and ground bombardment, the Palestinian rocket attacks and the ground fighting resulted in the death of thousands of people, the vast majority of them Gazans.The stated aim of the Israeli operation was to stop rocket fire from Gaza into Israel, which increased after an Israeli crackdown on Hamas in the West Bank was launched following the 12 June kidnapping and murder of three Israeli teenagers by two Hamas members. Conversely, Hamas's goal was to bring international pressure to bear to lift Israel's blockade of the Gaza Strip, end Israel's offensive, obtain a third party to monitor and guarantee compliance with a ceasefire, release Palestinian prisoners and overcome its political isolation. According to the BBC, in response to rocket fire from the Gaza Strip, Israel launched air raids on Gaza.On 7 July, after seven Hamas militants died in a tunnel explosion in Khan Yunis which was caused by an Israeli airstrike (per Hamas, Nathan Thrall, BBC and a senior IDF official) or an accidental explosion of their own munitions (per the IDF), Hamas assumed responsibility for rockets fired into Israel and launched 40 rockets towards Israel. The operation officially began the following day, and on 17 July, the operation was expanded to an Israeli ground invasion of Gaza with the stated aim of destroying Gaza's tunnel system; Israeli ground forces withdrew on 5 August. On 26 August, an open-ended ceasefire was announced. By that date, the IDF reported that Hamas, Islamic Jihad and other militant groups had fired 4,564 rockets and mortars from Gaza into Israel, with over 735 intercepted in flight and shot down by Iron Dome. Most Gazan mortar and rocket fire hit open land. More than 280 fell on areas in Gaza, and 224 struck residential areas. Militant rocketry also killed 13 Gazan civilians, 11 of them children.  The IDF attacked 5,263 targets in Gaza; at least 34 known tunnels were destroyed and two-thirds of Hamas's 10,000-rocket arsenal was used up or destroyed.Between 2,125 and 2,310 Gazans were killed and between 10,626 and 10,895 were wounded (including 3,374 children, of whom over 1,000 were left permanently disabled). Gazan civilian casualty rates estimates range between 70% by the Gaza Health Ministry, 65% by United Nations Protection Cluster by OCHA (based in part Gaza Health Ministry reports), and 36% by Israeli officials, The UN estimated that more than 7,000 homes for 10,000 families were razed, together with an additional 89,000 homes damaged, of which roughly 10,000 were severely affected by the bombing. Rebuilding costs were  calculated to run from 4-6 billions dollars, over 20 years.66 Israeli soldiers, 5 Israeli civilians (including one child) and one Thai civilian were killed and 469 IDF soldiers and 261 Israeli civilians were injured. On the Israeli side, the economic impact of the operation is estimated at NIS 8.5 billion (approximately 2.5 billion USD) and GDP loss of 0.4%.",2014 Israel–Gaza conflict
12,https://eo.wikipedia.org/wiki/Operaco_%C5%9Cirma_Mar%C4%9Deno,eo,,Operaco Ŝirma Marĝeno
13,https://es.wikipedia.org/wiki/Conflicto_entre_la_Franja_de_Gaza_e_Israel_de_2014,es,"El conflicto entre la Franja de Gaza e Israel[q]​ hizo referencia al conflicto bélico iniciado el 8 de julio de 2014, cuando las Fuerzas de Defensa de Israel (FDI) lanzaron la Operación Margen Protector[r]​ sobre territorio gazatí, debido a una escalada de tensión en el conflicto israelí-palestino.[43]​[44]​ Israel afirmó que el único objetivo de la operación era atacar al Movimiento de Resistencia Islámico (Hamás), la organización que gobierna la Franja tras ganar las elecciones en 2006, y terminar con los ataques de cohetes a Israel.[45]​[46]​ El Estado de Palestina y diversas organizaciones por los derechos humanos acusaron a Israel de llevar a cabo un ataque indiscriminado contra todos los palestinos, ya que los ataques causaron la muerte principalmente de civiles.[47]​ Por su parte, Hamás lanzó cohetes contra Israel en respuesta a los misiles disparados por la Fuerza Aérea Israelí hacia la Franja de Gaza. Este conflicto ha sido el de mayor envergadura en la Franja de Gaza en todo el siglo XXI y uno de los mayores que ha experimentado en su historia reciente.
El conflicto siguió una cadena de eventos que se iniciaron con el secuestro y asesinato de tres adolescentes israelíes ocurrido en un asentamiento israelí de Cisjordania en junio de 2014. Otras fuentes, en cambio, fijan el punto de partida de esta escalada en el asesinato de dos adolescentes palestinos en Beitunia durante las protestas del día de la Nakba en mayo de ese mismo año.[48]​[49]​[50]​[51]​ Israel culpó a Hamás de los hechos, ya que las autoridades israelíes creyeron que los dos sospechosos acusados del secuestro eran miembros de esa agrupación.[52]​ Por su parte, la reacción de Hamás fue confusa pues mientras unos negaron la implicación de esta organización en el secuestro,[53]​ otros líderes afirmaron lo contrario.[54]​[55]​ La reacción israelí fue la de realizar registros indiscriminados en la zona donde se había producido el secuestro.[56]​ Estas acciones derivaron en múltiples heridos y en el asesinato de dos niños palestinos a manos del ejército israelí.[1]​ A medida que las tensiones se incrementaban, el asesinato de Mohamed Abú Judeir, un adolescente palestino, complicó aún más la situación, generando disturbios, protestas de israelíes y palestinos y un aumento de los lanzamientos de cohetes entre Israel y Gaza. La policía de Israel declaró que Hamás no fue responsable de la muerte de los tres jóvenes israelíes.[57]​ Sin embargo, según afirmaron algunos medios de comunicación, un alto líder de Hamás, semanas después del estallido del conflicto, en una conferencia en Turquía, habría admitido que el grupo estuvo detrás del secuestro y que el propósito del mismo era provocar una escalada del conflicto que condujera a un levantamiento palestino.[58]​ 
Desde el inicio de los bombardeos de Israel sobre la Franja de Gaza, murieron numerosos civiles, entre ellos gran cantidad de mujeres y niños.[59]​ La Oficina de las Naciones Unidas para la Coordinación de Asuntos Humanitarios (OCAH) llegó a estimar que hacia el 17 de julio, el 70 % de los fallecidos palestinos eran civiles.[60]​ El gobierno israelí denunció que el fallecimiento de civiles se debía a que Hamás los utilizaba como «escudos humanos» y reiteró que su intención era «desmilitarizar» la Franja.[61]​ Finalmente, el conflicto se saldó con la muerte de 2310 palestinos y unos 11 500 heridos del mismo bando, según datos del ministerio de Salud de Gaza,[31]​ mientras que 66 soldados y cinco civiles israelíes murieron y 1.306 resultaron heridos, según reportes de las FDI.[28]​
Hasta el 11 de julio, 118 cohetes de Hamás habían sido interceptados por la Cúpula de Hierro de Israel.[62]​ Entre el 12 y 13 de julio, Israel anunció que fueron «atacados» 200 objetivos en Gaza. En la mañana del día 13, fueron interceptados varios cohetes provenientes de Gaza en dirección a Tel Aviv.[63]​ Hasta el 23 de julio, unos 2.160 cohetes fueron disparados desde Gaza a ciudades de Israel y este último país llevó a cabo casi 2.000 lanzamientos hacia la Franja.[64]​ Al final del conflicto se calculó que Hamás había disparado 4.594 cohetes y proyectiles de mortero, de los cuales 3.641 cayeron en territorio israelí y 188 en territorio palestino. Un total de 735 cohetes y proyectiles de mortero fueron interceptados por el sistema defensivo israelí.[65]​
El 23 de julio, la Alta Comisionada de las Naciones Unidas para los Derechos Humanos, Navanethem Pillay, denunció que los ataques efectuados por las FDI sobre Gaza podrían constituir crímenes de guerra.[66]​[67]​ Por ello, es mismo día, el Consejo de Derechos Humanos de las Naciones Unidas, mediante votación favorable y posterior resolución, anunció el inicio de una investigación sobre posibles violaciones de los derechos humanos o crímenes de guerra durante la ofensiva israelí.[68]​
La comunidad internacional también tuvo un peso importante en el conflicto. El secretario general de las Naciones Unidas, Ban Ki-moon, viajó a la zona en conflicto con la intención de presionar para lograr un alto el fuego definitivo.[69]​ También el secretario de Estado de los Estados Unidos, John Kerry, viajó a Tel Aviv; según su agenda, se reunió con Ban Ki-moon en Jerusalén,[69]​ con el presidente de la Autoridad Nacional Palestina, Mahmud Abás, en Ramala y con representantes del Gobierno israelí para intentar poner fin a las hostilidades entre las partes.[70]​
Finalmente, el 26 de agosto y tras 50 días de combates, Israel, Hamás y los demás beligerantes aceptaron una tregua indefinida pactada bajo mediación egipcia. El alto el fuego supondría la apertura de todos los pasos fronterizos y la «entrada rápida de ayuda humanitaria y de medios para la reconstrucción», aseguraron los mediadores egipcios, algo que no llegó jamás a producirse.[3]​",Conflicto entre la Franja de Gaza e Israel de 2014
14,https://eu.wikipedia.org/wiki/Hegi_Babesgarria_operazioa_(2014),eu,"Hegi Babesgarria operazioa (hebreeraz: מִבְצָע צוּק אֵיתָן‎, Mivtazh Tzuk Eitan) Israelek Gazako zerrendaren aurka 2014ko uztailaren 8tik abuztuaren 26raino (50 egun) egin zuen operazio militarra izan zen. Israel-Palestina Gatazkaren parte da.",Hegi Babesgarria operazioa (2014)
15,https://fa.wikipedia.org/wiki/%D9%86%D8%A8%D8%B1%D8%AF_%DB%B2%DB%B0%DB%B1%DB%B4_%D8%A7%D8%B3%D8%B1%D8%A7%D8%A6%DB%8C%D9%84_%D9%88_%D8%BA%D8%B2%D9%87,fa,"نبرد اسرائیل و غزه در سال ۲۰۱۴ میلادی نبردی است میان اسرائیل و نیروهای جهادی نوار غزه به رهبری حماس که فلسطینیان آن را عملیات بنیاد استوار (به عربی: عملية البُنيان المرصوص) و اسرائیلی‌ها عملیات تیغهٔ حفاظتی (به عبری: מִבְצָע צוּק אֵיתָן) نامیده‌اند. این نبرد چندمین درگیری نظامی اسرائیل با فلسطینیان در نوار غزه است. در این عملیات نیروی هوایی اسرائیل آغازگر حمله بود و نوار غزه را هدف حمله‌های خود قرار داده و فلسطینیان و گردان‌های عزالدین قسام شاخهٔ نظامی حماس مناطق تحت کنترل اسرائیل را موشک‌باران می‌کنند. همچنین این نبرد پس از مدتی با هجوم زمینی نیروهای نظامی اسرائیل به غزه از بامداد ۲۷ تیر وارد مرحلهٔ تازه‌ای شده‌است.
این عملیات در پی ربایش و قتل سه نوجوان اسرائیلی در ۱۲ ژوئن ۲۰۱۴ (میلادی) آغاز شد. نیروهای دفاعی اسرائیل .N.D.A.A اسرائیلی حماس را مسئول آدم‌ربایی قلمداد نموده‌اند. آن‌ها ادعا کرده‌اند که دو مردِ مظنون به انجام آدم‌ربایی از اعضایِ حماس هستند. هیچ مدرکی از سویِ نیروهای دفاعی اسرائیل ارائه نشده و حماس نیز هرگونه مشارکت در این آدم‌ربایی را انکار نموده‌است.در پی این آدم‌ربایی که منجر به پیداشدن سه جنازهٔ ربوده‌شدگان شده است، نیروهای اسرائیلی ۱۰ فلسطینی زیر ۱۸ سال را به قتل رسانده‌اند. و صدها نفر را نیز در کرانهٔ باختری بازداشت کرده‌اند. در طیِ جستجو برای برای ۳ مفقود اسرائیلی،N.D.A.A تمامی فلسطینی‌هایی را که در پی آزادی گیلعاد شالیت آزاد کرده‌بود، را مجدداً بازداشت نمود. بین ۳۵۰ تا ۶۰۰ تن از فلسطینان را بازداشت کرد. که شامل تقریباً تمام اعضای حماس در باریکه غربی رود اردن می‌شد
در شب ۶ ژوئیه، در یک حمله از سوی اسرائیل، ۶ پیکارجویِ حماس کشته شدند. در ۷ ژوئیه (‎۱۶ تیر) حماس در پاسخ به این اقدام ۱۰۰ موشک را از غزه به سمت سرزمین اسرائیل پرتاب کرد و نیروی هوایی اسرائیل نیز اهدافی را در غزه بمباران نمود. در ۸ ژوئیه (‎۱۷ تیر) نیروی هوایی اسرائیل ۵۰ هدف را در نوار غره مورد حمله قرار داد. اسرائیل نفوذی را از سمت دریا خنثی کرد. در همان روز حماس اعلام کرد که تمام اسرائیلی‌ها را اهداف قانونی می‌دانند. و بر این موضوع که اسرائیل باید تمام دستگیرشدگان در جریان اخیر را آزاد نماید. همچنینی خواستار بازدن مرکز غزه و بازگشت به آتش‌بس سال ۲۰۱۲ شد.
همچنین ده‌ها نقطه در نوار غزه را هدف حملات موشکی قرار داد. حماس نیز این اقدام را به پرتاب راکت‌هایی به سمت اسرائیل پاسخ داده و به آتش‌بس میان خود و اسرائیل که در پی عملیات ستون دفاعی در سال ۲۰۱۲ آغاز شده بود، پایان داد. حماس اعلام نموده که یکی از شروطِ آتش‌بس، آزادی افراد دستگیر شده توسط اسرائیل است
در ۱۴ ژوئیه مصر طرحی را برای آتش‌بس میان دو سو ارائه کرد. براساس این طرح اسرائیل «می‌بایست به تمام اقدامات متخاصمانه از زمین، هوا و دریا در نوار غزه پایان دهد و نیروهای زمینی اعزامی را عقب نِشانَد.» همچنین گروه‌های فلسطینی نیز می‌بایست «تمام اقدامات متخاصمانهٔ خود از غزه علیه اسرائیل را پایان دهد». طرحِ آتش‌بس خواهان اتمام اقدامات نظامی برایِ «پایدارسازی وضعیت حفاظتی» شد. نتانیاهو پیشنهاد کرده که این قراردادِ صلح همراه با «خلعِ سلاح کامل» باشد دولت اسرائیل این طرح را پذیرفت و به صورت موقت و از صبح ۱۵ ژوئیه آن را عملی کرد. اگرچه حماس همچنان به پرتاب راکت‌هایش ادامه می‌داد «حماس»، «جهاد اسلامی» و «گردان‌های عزالدین قسام» از پذیرفتن شروط آتش خودداری کردند. این طرح که حماس آن را اولتیماتومی از سوی مصر و اسرائیل می‌داند، از سوی سران حماس رد شده، چراکه این طرح هیج دستاورد خاصی برای حماس و غزه نداشته‌است. به خصوص در مورد محاصرهٔ زمین و دریاییِ غزه که از سوی اسرائیل و مصر در ۷ سال گذشته اجرا شده‌است هیچ صحبتی نشده است. در ۱۶ ژوئیه (‎۲۵ تیر) «حماس» و «جنبش جهاد اسلامی» پیشنهاد آتش‌بسی ۱۰ ساله را ارائه داد که مهمترین خواستهٔ آن پایان دادن به محاصرهٔ غزه بود.چندین تلاش برای برقراری آتش‌بس میان دو طرف صورت گرفت که با موفقیت همراه نبود. از جمله آتش‌بسی که از ۵ اوت با عقب‌نشینی نیروهای زمینی اسرائیل آغاز شده بود و چند مورد آتش‌بس موقت نیز برقرار و به اتمام رسید. تا در نهایت آتش‌بسی ۷۲ ساعته در روز ۱۰ اوت به پیشنهاد اسرائیل آغاز شد.
تلاش‌های زیادی نیز از سوی افراد مختلف برای برقراری آتش‌بس آغاز شد. وزیر خارجه آمریکا جان کری در ۲۱ ژوئیه (‎۳۰ تیر) به مصر رفت تا دربارهٔ شرایط آتش‌بس مذاکره نماید. بان کی‌مون، دبیرکل سازمان ملل متحد نیز در ۲۲ ژوئیه به اسرائیل رفت و از دو طرف نبرد درخواستِ آتش‌بس کرد. در ۲۳ ژوئیه رهبرِ حماس خالد مشعل از آمادگی این گروه برای متارکهٔ جنگ برای «رسیدگی به اوضاع انسانی» در غزه خبر داد و بر شروطش برای آتش‌بس دائم با اسرائیل تأکید کرد مقامات فلسطینی از خواسته‌های حماس برای آتش‌بس، حمایت کردند.اسرائیل نام عملیاتی را که آغاز کرده بود را «تیغهٔ محافظتی» گذاشته است. این عملیات مرگبارترین نبرد از زمان انتفاضه دوم است که البته تعداد کشته‌ها با آن برابری می‌کند. براساس اظهارِ وزیر بهداشت غزه ۲٬۰۴۰ نفر از اهالی غزه در این درگیری‌ها کشته شدند و ۱۰٬۱۹۶ نفر نیز زخمی شده‌اند (۸۰٪ از این تلفات را غیرنظامیان تشکیل داده‌اند) همچنین براساس دفتر هماهنگی‌های امور انسانی سازمان ملل ۱٬۴۳۴ (۷۲٪) از ۱٬۹۹۹ نفر کشته شدند را شهروندان تشکیل داده‌اند. از این میان نیز ۷۱۱ نفر آنان (معادل ۳۵٪) را زنان و کودکان تشکیل داده‌اند. ۵۰ فردِ کهنسال وجود دارد. ۶۴ سرباز اسرائیلی کشته و دو شهروند اسرائیلی نیز کشته شدند.افسر سازمان ملل برای هماهنگی امور انسانی (OCHA) تخمین زده است ککه بیش از ۸۵۲ کشته شهروند هستند و ۳۸۴ نفر را نیز زنان و کودکان تشکیل داده‌اند. سخنگوی این سازمان گفت: «به معنای واقعی کلمه، هیچ جای امنی برای شهروندان در غزه وجود ندارد.» همچنین اعلام کرده‌است بیش از ۲۹۹٬۰۰۰ کودک نیازمندِ «پشتیبانی روانی» هستند.
اسرائیل حماس را به استفاده از شهروندان غیرنظامی به عنوانِ «سپر انسانی» متهم می‌کند و حضور مهمات در یکی از مدارس زیر نظر سازمان ملل را دلیل این مدعا می‌داند. حماس این ادعا را تکذیب کرده‌است. ۴۴٪ مناطق سرزمینی منطقهٔ ممنوعه اعلام کرده‌است.در ۵ اوت (‎۱۴ مرداد) پس از خروجِ تمام نیروهایِ ارتش اسرائیل از غزه آغاز شد. پس از پایان این زمان و با آغاز موشک‌پرانی نیروهای جهادی از غزه، ارتش اسرائیل حملاتی را برای پاسخ به این حملات انجام داد.
سازمان‌های حقوقِ بشری پرتاب‌های کور از سوی فلسطینی‌ها را مورد نکوهش قرار داده. همچنین اقدام اسرائیل در هدف قرار دادنِ خانه‌های اعضایِ گروه حماس و سایر گروه‌های شبه‌نظامی را نقضِ حقوقِ انسانی نامیده که می‌تواند در ردهٔ جرائم جنگی دسته‌بندی کرد. عفو بین‌الملل از وجود مستنداتی بر حملاتِ هدفدار به مراکز بهداشتی خبر دادعملیات اسرائیل با تمرکز بر تضعیف توان راکتی حماس آغاز شد اما سپس تخریب تونل‌ها به یکی از اولویت‌های آن تبدیل شد. بنیامین نتانیاهو گفت نیروهای اسرائیلی تا نابود کردن شبکه تونل‌ها در غزه به عملیات خود ادامه می‌دهند، همچنین عملیات تخریب تونل‌ها فارغ از اینکه آتش‌بس برقرار شود یا نه ادامه خواهد داشت. اسرائیل حداقل شش تا از پناهگاههای غیرنظامی زیرنظر سازمان ملل را عامدانه مورد حمله قرار داده است که مورد انتقاد کشورها (ازجمله آمریکا) و نهادهای بین‌المللی واقع شد.
تا ۵ اوت ۲۰۱۴ سازمان ملل گزارش داده است که بیش از ۵۲۰٬۰۰۰ فلسطینی که بیش از ۳۰٪ جمعیت کل غزه را تشکیل می‌دهد، آواره شده‌اند. از این میزان ۲۷۳٬۰۰۰ نفر در ۹۰ مدرسهٔ تحتِ نظرِ سازمان ملل اسکان یافته‌اند. «دفترِ هماهنگیِ امور انسانی» (د. ه. ا. ا) از اسکان بیش از ظرفیت خبر داده و امکان بیماری‌های اپیدمی را محتمل دانسته‌اند. ۲۶ مرکز بهداشتی آسیب دیده‌اند، ۹۶۸ منزل (که منزلگاهِ ۶۴٬۶۵۰ نفر بود) از بین رفته یا آسیب جدی دیده است و ۳۳٬۱۰۰ خانه نیز آسیب دیده ولی ساکنینش همچنان در آن باقی‌مانده‌اند مردم غزه به‌طور کلی روزانه به ۲ ساعت برق دسترسی دارند. حملهٔ اسرائیل به تنها نیروگاه غزه که منجر به از کار افتادن آن شد، سلامت عمومی و خدماتِ تصفیهٔ آب را مختل کرده‌است و بیمارستان‌ها را متکی به ژنراتورها نموده‌است. بیش از ۲۲۵٬۰۰۰ نفر نیازمندِ کمکِ ضروریِ غذایی هستند. دفترِ «ده. ا. ا» سازمان ملل تقاضای ۳۹۰٬۳۳۸٬۸۲۴ دلار کمک ضروری برای فلسطین به منظورِ حل بحران نموده است که تاکنون ۴۳٪ آن تأمین شده استجان کری، وزیر امور خارجه ایالات متحده، بیان داشت که نتانیاهو در یک تماس تلفنی، خواستار تلاش مجدد برای برقرار آتش‌بس شده و اظهار داشته که «در این باره کاملاً جدی است». به گزارش خبرگزاری فرانسه، نتانیاهو در یک تماس تلفنی به کری گفته است که با آتش‌بسی که به اسرائیل این اجازه را بدهد از خود در برابر تونل‌های غزه دفاع کند و آسیبی به امنیت اسرائیل نرساند و برای کشورش قربانی نیافریند، موافق است.
بعد از بمباران مکرر مدارس تحتِ نظر سازمان ملل، دبیرکل سازمان ملل بان کی مون در ۳۰ ژوئیه (‎۸ مرداد) طی بیانیه‌ای اقدامات اسرائیل در بمباران غزه را محکوم کرد و گفت: «هیچ چیز منزجرکننده‌تر از این نیست که به کودکان در حین خواب حمله کنند.»",نبرد ۲۰۱۴ اسرائیل و غزه
16,https://fi.wikipedia.org/wiki/Operaatio_Suojaava_reuna,fi,"Operaatio Suojaava reuna (engl. Operation Protective Edge; hepreaksi ‏מִבְצָע צוּק אֵיתָן‎, Mivtza' Tzuk Eitan, 'Operaatio Luja kallio') on Israelin Gazaan vuonna 2014 tekemä ilma- ja maahyökkäys. Israel pyrki hyökkäyksellään tuhoamaan palestiinalaistaistelijoiden hyökkäystunneleita ja sotilasraketteja. Operaatio alkoi ilmapommituksilla 8. heinäkuuta ja maahyökkäys alkoi 17. heinäkuuta. 2. elokuuta mennessä israelilaiset olivat tappaneet 1 650 palestiinalaista ja palestiinalaiset 66 israelilaista. Suurin osa palestiinalaisista kuolleista oli siviilejä, mutta vielä suurempi osa israelilaisista sotilaita. Israel kiisti siviiliuhrien suuren määrän. YK:n turvallisuusneuvosto vaati taistelujen lopettamista välittömästi. Israel kärsi sodassa selvästi suuremmat tappiot kuin edellisessä Gazan sodassa.",Operaatio Suojaava reuna
17,https://fr.wikipedia.org/wiki/Guerre_de_Gaza_de_2014,fr,"La guerre de Gaza de 2014 est un conflit armé se déroulant durant les mois de juillet et d'août 2014, opposant l'État d'Israël à diverses forces paramilitaires palestiniennes dont le Hamas et le Jihad islamique. De même nature que la Guerre de Gaza de 2008-2009, elle se caractérise par des tirs de roquettes depuis la bande de Gaza vers Israël et par des raids et frappes aériennes suivis d'une offensive terrestre lancée le 18 juillet 2014.
L'objectif déclaré des Israéliens est de mettre fin aux tirs de roquettes du Hamas depuis la bande de Gaza, en s'en prenant à ses infrastructures, en particulier les dizaines de tunnels creusés sous la frontière  israélienne, les sites de lancement de roquettes et leurs unités de fabrication.
L'objectif des groupes paramilitaires palestiniens est de faire lever le blocus de la bande de Gaza, rompre leur isolement politique et appliquer leur Jihad contre Israël.
Bien qu'ayant de multiples causes, tant économiques que politiques, ces combats sont une conséquence directe de plusieurs événements s'étant déroulés au mois de juin 2014 dont le meurtre de trois adolescents israéliens en juin 2014, suivi de l'arrestation en Cisjordanie d'approximativement 400 Palestiniens,) dont la majorité des membres du Hamas en Cisjordanie. En réaction à ces événements, différents groupes paramilitaires dont le Hamas et le Jihad Islamique attaquent le territoire israélien par des tirs de roquette en ciblant plusieurs grandes villes israéliennes. En réponse, l'État d'Israël lance le 8 juillet 2014, l'opération Bordure protectrice (en hébreu : מִבְצָע צוּק אֵיתָן, Mivtza' Tzuk Eitan, littéralement « Opération Roc inébranlable »), offensive militaire de l'armée israélienne dans la bande de Gaza contre le Hamas et le Jihad islamique palestinien.
L'armée israélienne détruit au moins 34 tunnels d'attaques et les deux tiers des 10.000 roquettes du Hamas sont ou épuisés ou détruits.
Du 8 juillet au cessez-le-feu du 26 août, l'armée israélienne dénombre 4 564 roquettes et mortiers tirés depuis la bande de Gaza vers Israël dont 735 furent interceptées et 224 explosèrent dans des zones résidentielles. Les services de renseignements de l'armée israélienne dénombrent 875 roquettes ayant explosé dans la bande de Gaza, et n'excluent pas l'hypothèse d'un bombardement volontaire. Amnesty International qualifie les attaques à la roquette du Hamas qui font des victimes civiles des deux côtés, de crime de guerre, et de plus met en cause le Hamas, pour l'utilisation et le stockage de ces armes dans des zones densément peuplées. 
Amnesty International accuse le Hamas d'exécutions, d'enlèvements, d'arrêts extrajudiciaires et de l'utilisation de l'hôpital al-Shifa pour détenir, interroger et torturer des suspects. Selon le président de l'Autorité palestinienne, Mahmoud Abbas, 861 membres du Fatah sont tués lors du conflit, dont plus de 120 par le Hamas. À ceux-ci s'ajoutent approximativement 30 à 40 prisonniers palestiniens exécutés sous suspicion de collaboration. Le conflit est aussi accompagné par des exécutions sommaires. Le 27 juillet une dizaine d'opposants au Hamas sont exécutés et le lendemain d'autres sont tués lors de la distribution de denrées alimentaires à Beit Hanoun. Le même jour, le Hamas tire dans une foule d'habitants de Shuja'iyya, protestant contre la destruction de leur quartier et tue une vingtaine de personnes.
Le conflit suscite des réactions mitigées de la part de la communauté internationale et provoque un mouvement contestataire appelant à une fin rapide des hostilités de la part des belligérants, en raison du caractère jugé disproportionné de la riposte israélienne et du nombre de victimes civiles parmi les Palestiniens, ainsi que des nombreuses ruptures de cessez-le-feu par les mouvements palestiniens impliqués dans ce conflit.",Guerre de Gaza de 2014
18,https://gl.wikipedia.org/wiki/Operaci%C3%B3n_Marxe_Protectora,gl,"A Operación Marxe Protectora (hebreo: מִבְצָע צוּק אֵיתָן
, Mivtza' Tzuk Eitan) é o nome que as Forzas de Defensa de Israel (IDF) lle deron á ofensiva na Faixa de Gaza, que comezou o 8 de xullo de 2014. A operación débese a escalada da violencia entre Israel e Hamas.",Operación Marxe Protectora
19,https://hr.wikipedia.org/wiki/Operacija_%C4%8Cvrsta_stijena,hr,"Operacija Čvrsta stijena je vojna operacija Izraelskih obrambenih snaga protiv palestinskih militanata u Gazi pokrenuta 8. srpnja 2014. Operacija je uslijedila nakon ubojstva trojice izraelskih mladića, za čiju su smrti izraelske vlasti okrivile Hamas, nakon čega je Hamas započeo kampanju stalnog raketiranja izrelskih civilnih ciljeva.
Nakon prve faze operacije - bombardiranja strateških ciljeva palestinskih militanata - uslijedila je druga faza. Kako bi se smanjio broj žrtava, izraelske snage pokrenule su kopneni napad 17. srpnja. Cilj izraelskog kopnenog napada bio je odvratiti Hamas i prisiliti ga na primirje. No, svo vrijeme Hamas je nastavio s raketiranjem izraelskih civilnih područja i odbacio pet primirja koje su nudili Egipat, Crveni križ i Ujedinjeni narodi.",Operacija Čvrsta stijena
20,https://hu.wikipedia.org/wiki/%E2%80%9EEr%C5%91s_szikla%E2%80%9D_hadm%C5%B1velet,hu,"Az „Erős szikla” hadművelet (héberül: מבצע צוק איתן, Mivcá Cuk Eitán, angolul: Operation Protective Edge) az Izraeli Védelmi Erők (IDF) által indított hadművelet a Hamász által irányított Gázai övezetben, mely 2014. június 8-án kezdődött és célja a Gázából Izraelbe érkező rakétatámadások felszámolása.2014-ben számos esemény hatására a kapcsolat Izrael és Palesztina között megromlott. Többek között a folytatódó izraeli és egyiptomi blokád a Gázai övezet körül, a folyamatos rakétatámadások a Gázai övezetből Izraelbe, az Egyesült Államok által vezetett béketárgyalások kudarca, a különböző palesztin pártok által létrehozott egységkormány, a három izraeli fiú elrablása és meggyilkolása, amelyet a Hamásznak tulajdonítottak, az arab fiú ezt követő meggyilkolása, a Hamász szinte összes ciszjordániai vezetőjének letartóztatása. Július 6-a éjszakáján egy izraeli légicsapás a Gázai övezetben, Khan Yunisban megölt hét Hamász katonát, mire válaszul a Hamász növelte a korábbiakhoz képest a rakétatámadások számát Izraelre és úgy nyilatkozott, hogy “A Khan Yunis vérengzés nők és gyerekek ellen egy szörnyű háborús bűn. Mostantól minden izraeli jogos célpont”. "" Július 8-án az Izraeli Védelmi Erők (Israel Defense Forces/IDF) megindította az “Erős Szikla” nevű hadműveletet a Gázai övezetben.
Július 7-ig Gázából több mint 100 rakétát lőttek ki Izrael polgári lakossága és déli városai felé, úgy is mint Beer Seva, Asdod, Ofakim, Askelon és Netivot felé. Július 8-ára a rakéták száma 140 fölé emelkedett 24 órán belül, és célba vettek északabbra eső célpontokat is, mint Hadera, Tel-Avivtól északra. Izrael rakétaelhárító rendszere, a „Vaskupola” (kippat barzel) a rakéták jelentős részét képes megsemmisíteni még becsapódásuk előtt és az izraeli hadsereg visszavert egy tenger felőli támadást is. A jelentős katonai válasz Izrael részéről július 8-án, kedd reggel kezdődött. A hadműveletekre a Hamász válaszul azt közölte, hogy „minden izraeli polgár célponttá vált”.Július 14-én reggel Egyiptom tűzszünetet javasolt. Izrael elfogadta a javaslatot és ideiglenesen beszüntette a támadást a Gázai övezettel szemben. A Hamász azonban elutasította a tűzszünetet és folytatta a rakéta támadásokat Izrael területére. A Hamász egyes részei, az Iszlám Dzsihád és az Al-Qassam Brigád azt állították, hogy Kairó nem egyeztette velük a javaslatot és csak a médiából értesültek a tűzszünetről. A Hamász szerint a tűzszünet nem ért volna el komolyabb eredményeket, főleg nem a tengeri blokád enyhítésében, amit Izrael és Egyiptom tart fenn Gázával szemben immár hét éve.Az „Erős szikla” hadművelet a legtöbb halálos áldozatot követelő konfliktus Gázában a 2008–2009-es Gázai háború óta. A legfrissebb hírek szerint több mint 298 halálos áldozat van palesztin részről, és a gázai Egészségügy Minisztérium közlése szerint több mint 1500 sérült. Az ENSZ Emberjogi Bizottságának közlése szerint az áldozatok 77%-a a civilek közül került ki, 45%-uk nő vagy gyerek. Az izraeli hadsereg közlése szerint több mint 90 terrorista is a halottak között van és a polgári áldozatok nagy arányát az okozza, hogy a Hamász „emberi pajzsoknak” használja a civileket. Július 13-ig több mint 1300 légi támadást hajtott végre Izrael, a közel 1000 Gázából kilőtt rakétára válaszul. Emberjogi csoportok szerint mind az Izrael területére érkező rakétatámadások, mind a Hamász katonai vezetői házának célzott támadása megszegi a nemzetközi emberjogi egyezményeket és háborús bűnöknek számítanak.",„Erős szikla” hadművelet
21,https://hy.wikipedia.org/wiki/%D4%B1%D5%B6%D5%AD%D5%B8%D6%80%D5%BF%D5%A1%D5%AF%D5%A5%D5%AC%D5%AB_%D5%AA%D5%A1%D5%B5%D5%BC_%D5%A3%D5%B8%D6%80%D5%AE%D5%B8%D5%B2%D5%B8%D6%82%D5%A9%D5%B5%D5%B8%D6%82%D5%B6,hy,"«Անխորտակելի ժայռ» գործողություն (եբր.՝ מבצע צוק איתן‎, Mivtza Tsuk Eitan), 2014 թվականի հուլիսի 7-ի լույս 8-ի գիշերը Գազայի հատվածում իսրայելական ռազմական գործողության կոդային անվանումը։ Գործողության նպատակն է Գազյում իշխող ծայրահեղական ահաբեկչական Համաս շարժման ռազմական ինֆրաստրուկտուրայի ոչնչացումը և Իսրայելի տարածքի հրթիռակոծման կանխումը։",Անխորտակելի ժայռ գործողություն
22,https://id.wikipedia.org/wiki/Konflik_Israel%E2%80%93Gaza_2014,id,"Eskalasi konflik Israel–Palestina dimulai pada tahun 2014 setelah terjadi serangkaian peristiwa. Peristiwa-peristiwa ini mencakup berlanjutnya pemblokiran Jalur Gaza oleh pemerintah Mesir dan Israel, berlanjutnya serangan roket dari Gaza, gagalnya diskusi perdamaian yang disponsori Amerika Serikat, upaya pembentukan pemerintahan koalisi oleh faksi-faksi bersaing di Palestina, penculikan dan pembunuhan tiga remaja Israel, penculikan dan pembunuhan seorang remaja Palestina, penangkapan hampir seluruh pemimpin Hamas di Tepi Barat oleh Israel, dan meningkatnya serangan roket ke Israel setelah perjanjian pencabutan blokade Gaza secara bertahap tidak dipenuhi karena Hamas melanggar kesepakatan gencatan senjata sebelumnya. Pada malam tanggal 6 Juli, serangan udara Israel di Gaza menewaskan tujuh mlitan Hamas, sementara Hamas meningkatkan serangan roketnya ke Israel dan menyatakan bahwa ""seluruh warga Israel"" merupakan ""target yang sah"". Pada tanggal 8 Juli 2014, Pasukan Pertahanan Israel (IDF) melancarkan Operasi Perlindungan Tepi (bahasa Inggris: Operation Protective Edge) di Jalur Gaza.Tanggal 13 Juli, militer Israel melaporkan bahwa lebih dari 1.300 serangan udara Israel telah dilancarkan ke Gaza, sementara lebih dari 800 roket telah ditembakkan dari Gaza ke Israel. Keesokan harinya, tanggal 14 Juli, Mesir mengumumkan inisiatif gencatan senjata. Pemerintah Israel menerima usulan ini dan menghentikan serangan untuk sementara pada pagi 15 Juli. Akan tetapi, semua faksi Palestina, termasuk Presiden Palestina Abbas, mengumumkan bahwa mereka tidak diberitahu soal inisiatif Mesir ini dan baru mengetahuinya lewat media. Hamas beserta faksi Palestina lainnya menolak ""versi [perjanjian] yang sekarang."" Pada tanggal 16 Juli, Hamas dan Jihad Islam menawarkan gencatan senjata selama 10 tahun kepada Israel dengan sepuluh syarat, sebagian besar menyinggung soal diakhirinya pemblokiran Jalur Gaza.Konflik ini merupakan operasi militer paling mematikan yang pernah terjadi di Gaza sejak Intifada Kedua, meskipun jumlah korban tewas dan persentase militan yang tewas masih belum jelas. Menurut Kementerian Kesehatan Gaza, 1.880 warga Palestina tewas and dan 10.000 lainnya cedera. Dari jumlah tersebut, 398 di antaranya adalah anak-anak, 207 wanita, dan 74 manula. Laporan awal untuk United Nations Office for the Coordination of Humanitarian Affairs (OCHA) dari Protection Cluster memperkirakan bahwa 1.176 (68%) dari 1.717 korban tewas yang identitasnya sejauh ini sudah dikenali merupakan warga sipil; 573 di antaranya (33% dari total korban tewas) adalah wanita atau anak-anak. Israel bersikukuh bahwa sedikitnya 47% korban tewas di Gaza adalah kombatan. Di sisi lain, 64 tentara IDF, dua warga sipil Israel, dan seorang pekerja Thai tewas. Pasukan Pertahanan Israel menyatakan bahwa Hamas menggunakan warga sipil sebagai ""perisai hidup"", dan pada tanggal 17 Juli UNRWA mengutuk keras kelompok yang menyimpan senjata di salah satu sekolahnya. Pada 22 Juli, Uni Eropa mengutuk semua ""seruan kepada penduduk sipil Gaza untuk merelakan dirinya sebagai perisai hidup."" Hamas membantah kabar bahwa pihaknya menggunakan perisai hidup. 44% teritori Jalur Gaza ditetapkan sebagai zona kosong (no-go zone) oleh militer Israel.Per 5 Agustus 2014, laporan OCHA menyatakan bahwa di Jalur Gaza, 520.000 warga Palestina (kurang lebih 30% populasi Gaza) menjadi pengungsi, 273.000 di antaranya mengungsi di 90 sekolah. UNRWA telah mengerahkan segala kemampuannya untuk memfasilitasi para pengungsi, dan kepadatan pengungsi meningkatkan risiko terjadinya wabah. 1,5 juta penduduk Gaza terkena dampak terbatasnya dan/atau berkurangnya persediaan air. 26 fasilitas kesehatan rusak, 968 rumah (64.650 orang) hancur total atau rusak parah, dan rumah milik 33.100 orang rusak namun masih bisa ditinggali.. Di seluruh Jalur Gaza, penduduknya hanya mendapat pasokan listrik selama tiga jam per hari. Penghancuran satu-satunya pembangkit listrik di Gaza sangat memengaruhi keadaan kesehatan masyarakat dan mengurangi layanan air dan sanitasi; rumah sakit semakin bergantung pada generator listrik. Lebih dari 485.000 pengungsi dalam negeri membutuhkan bantuan pangan darurat. Menanggapi krisis ini, OCHA meminta dana kemanusiaan darurat sebesar $390.338.824 untuk Palestina; 43% di antaranya sudah terpenuhi pada 3 Agustus.",Konflik Israel–Gaza 2014
23,https://it.wikipedia.org/wiki/Operazione_Margine_di_protezione,it,"Operazione Margine di protezione (in ebraico: מִבְצָע צוּק אֵיתָן, Mivtza 'tzuk Eitan, ""Operazione Scogliera Solida""; in arabo: الجرف الصامد‎, al-Jurf al-ṣāmid, col medesimo significato) è il nome in codice della campagna militare iniziata l'8 luglio 2014 dalle Forze di Difesa Israeliane contro i guerriglieri palestinesi di Hamas ed altri gruppi nella Striscia di Gaza. La campagna ha termine il 26 agosto successivo, con l'annuncio dell'accordo per una tregua duratura raggiunto dalle parti in conflitto al Cairo.L'intento dichiarato dell'operazione israeliana era quello di fermare il lancio di missili dalla Striscia di Gaza verso il proprio territorio, intensificatosi dopo il giro di vite operato dagli israeliani dopo il rapimento e l'uccisione di tre adolescenti israeliani operati da due membri di Hamas. Il 7 giugno, dopo un bombardamento che ha ucciso sette guerriglieri di Hamas a Khan Yunis, Hamas si assume la responsabilità per i missili lanciati da Gaza e lancia una quarantina di missili verso Israele. Il 17 luglio inizia l'invasione di terra con l'obiettivo di distruggere la rete di tunnel di Hamas. Nel corso del conflitto molti cessate il fuoco (compreso uno, il 5 agosto durante il quale tutti i soldati israeliani si erano ritirati dalla Striscia di Gaza) si ruppero o scaderono. 
Il 13 agosto a Gaza muore il video reporter italiano Simone Camilli.
Il 26 agosto venne annunciato un cessate il fuoco senza durata. Per allora l'IDF ha riportato che Hamas, il Movimento per il Jihad Islamico in Palestina ed altri gruppi di guerriglieri hanno sparato 4564 missili e colpi di mortaio da Gaza verso Israele, mentre l'IDF ha attaccato 5263 obiettivi a Gaza; almeno 34 tunnel sono stati distrutti e due terzi dell'arsenale missilistico di Hamas, composto da 10.000 missili, è stato usato o distrutto. Un artificiere del Ministero dell'Interno Palestinese ha dichiarato che al 22 agosto 20.000 tonnellate di esplosivo erano state sganciate su Gaza.Le vittime a Gaza furono tra le 2.125 e 2.310, tra cui 495–578 bambini, (non si conosce il numero delle vittime donne) e 11.100 vennero feriti. 66 soldati israeliani, 5 civili (tra cui un bambino) e un cittadino tailandese sono stati uccisi, e 469 soldati e 256 civili israeliani vennero feriti. Il ministro della salute di Gaza, le Nazioni Unite ed alcuni gruppi umanitari riportano un 69–75% di civili tra le vittime palestinesi; ufficiali dell'esercito israeliano attestano questa percentuale al 50%. ufficiali israeliani hanno stimato che i morti civili sono circa il 50%. Il 5 agosto l'OCHA ha dichiarato che 520.000 palestinesi nella Striscia di Gaza (circa il 30% della popolazione) potrebbero essere fuggiti, 485.000 di loro necessitano di cibo di emergenza e 273,000 hanno trovato rifugio in 90 scuole gestite dalle Nazioni Unite. Circa 17.200 case sono state totalmente distrutte o seriamente danneggiate a Gaza, e 37.650 hanno danni tali da renderle inabitabili. In Israele dai 5.000 agli 8.000 cittadini hanno lasciato le loro abitazioni a causa della minaccia degli attacchi missilistici e di mortaio.",Operazione Margine di protezione
24,https://ja.wikipedia.org/wiki/%E3%82%AC%E3%82%B6%E4%BE%B5%E6%94%BB_(2014%E5%B9%B4),ja,ガザ侵攻（ガザしんこう）は、2014年にイスラエル国防軍とパレスチナ自治区のガザ地区を統治するハマース（他にイスラーム聖戦などの武装勢力が存在）との間で行われた紛争。8月26日の無期限停戦で一応終息した。,ガザ侵攻 (2014年)
25,https://jv.wikipedia.org/wiki/Konflik_Israel%E2%80%93Gaza_2014,jv,"Eskalasi konflik Israèl–Palestina diwiwiti taun 2014 sawisé kadadéan serangkaian prastawa. Prastawa- prastawa iki nyakup pamblokiran Jalur Gaza déning pamaréntah Mesir lan Israèl, serangan roket saka Gaza, gagalé dhiskusi perdamaian sing disponsori Amérika Sarékat, upaya pambentukan pamaréntahan koalisi déning faksi-faksi bersaing ing Palestina, penculikan lan pamrejayan telu remaja Israèl, penculikan lan pamrejayan remaja Palestina, penangkapan mèh kabèh pemimpin Hamas ing Gisik Kulon déning Israèl, lan paningkatan serangan roket menyang Israèl sawisé prejanjèn pencabutan blokade Gaza kanthi bertahap ora bisa dipenuhi amarga Hamas nglanggar kesepakatan gencatan senjata sadurungé.  Ing wengi tanggal 6 Juli, serangan udara Israèl ing Gaza niwasaké pitu militan Hamas, sauntara Hamas ngundhakaké serangan roket menyang Israèl  lan nyatakaké yèn ""kabèh warga Israèl"" minangka ""target sing sah"". Ing tanggal 8 Juli 2014, Pasukan Pertahanan Israèl (IDF) nglancaraké Operasi Perlindungan Tepi (Inggris: Operation Protective Edge) ing Jalur Gaza..",Konflik Israel–Gaza 2014
26,https://ka.wikipedia.org/wiki/%E1%83%9D%E1%83%9E%E1%83%94%E1%83%A0%E1%83%90%E1%83%AA%E1%83%98%E1%83%90_%E1%83%A3%E1%83%A0%E1%83%A6%E1%83%95%E1%83%94%E1%83%95%E1%83%98_%E1%83%99%E1%83%9A%E1%83%93%E1%83%94,ka,"ოპერაცია „ურღვევი კლდე“ ან „დამცავი კლდე“ ან „თავდაცვის ზღვარი“ (ებრ.  מבצע צוק איתן - მივცა ცუკ ეითან, Mivtza Tsuk Eitan) — კოდური სახელწოდება ისრაელის თავდაცვითი ძალების ოპერაციისა, რომელიც ღაზის სექტორში 2014 წლის 8 ივლისის გამთენიისას დაიწყო. ოპერაციის გაცხადებული მიზანია ზოგიერთი ქვეყნის მიერ ტერორისტულ ორგანიზაციებად აღიარებული ჰამასის და მისი მოკავშირეების ინფრასტრუქტურის განადგურება და ისრაელის ტერიტორიის სარაკეტო დაბომბვების შეწყვეტა.
ოპერაციის დაწყებიდან 17 ივლისამდე ოპერაცია შემოიფარგლებოდა წერტილოვანი დარტყმებით ღაზის სექტორის ტერიტორიაზე. 17 ივლისს ისრაელის პრემიერ-მინისტრის გადაწყვეტილებით დაიწყო ოპერაციის სახმელეთო ნაწილი, „რომლის მიზანია ღაზიდან ისრაელის მიმართულებით გათხრილი გვირაბებიდან მომდინარე საფრთხეების განეიტრალება“.",ოპერაცია ურღვევი კლდე
27,https://ko.wikipedia.org/wiki/%ED%94%84%EB%A1%9C%ED%85%8D%ED%8B%B0%EB%B8%8C_%EC%97%90%EC%A7%80_%EC%9E%91%EC%A0%84,ko,"프로텍티브 에지 작전(히브리어: מִבְצָע צוּק אֵיתָן, Mivtza' Tzuk Eitan)은 2014년 7월 8일 시작한 하마스 통치 하에 있던 가자 지구에서 이스라엘 방위군이 시작한 작전이다. 유엔에 따르면, 적어도 팔레스타인에서 민간인 572명이 사망했다고 밝혔다. 또한, 유엔 인도주의 업무 조정국에 따르면 사망자 중 77%가 민간인이며, 그 중 26%가 어린이라고 말했다. 가자 지구 보건부에 따르면 이스라엘의 공격 이후 팔레스타인인 3,600 명이 부상을 입었다고 말했다. 반면, 이스라엘 측은 108명이 부상을 입었으며 사망자는 군인18명, 민간인2명이다.
이 작전은 2014년 6월 요르단 강 서안 지구에서 일어난 이스라엘 10대 3명이 납치된 2014년 이스라엘 10대 납치 살해 사건을 원인으로 이스라엘이 하마스를 비난하면서 발생했다.",프로텍티브 에지 작전
28,https://ms.wikipedia.org/wiki/Konflik_Israel%E2%80%93Gaza_2014,ms,"Pada 8 Julai 2014, Pasukan Pertahanan Israel melancarkan ""Operasi Perlindungan Sempadan"" (Bahasa Inggeris: Operation Protective Edge; Bahasa Ibrani: צוּק אֵיתָן‎, Tzuk Eitan, lit. ""Tebing Kuat""), di Genting Gaza. Sesudah itu, tujuh minggu serangan udara Israel dan serangan balas roket Hamas, serta pertempuran akibat serangan darat menyebabkan lebih 2,100 orang terbunuh, kebanyakan mereka orang awam Palestin.Tujuan operasi Israel yang dinyatakan ialah menghentikan bedilan roket dari Gaza ke Israel, yang ditembak kumpulan bukan-Hamas akibat tindakan keras Israel terhadap Hamas di Tebing Barat (dicetuskan oleh penculikan dan pembunuhan tiga remaja Israel oleh anggota Hamas yang bertindak sendirian). Hamas bertindak balas terhadap serangan udara Israel pada 6 Julai yang membunuh tujuh anggotanya di Khan Yunis dengan turut menembak roket. Pada 17 Julai, operasi itu diperluas kepada serangan darat dengan tujuan dinyatakan sebagai memusnahkan sistem terowong Gaza.Sehingga 26 Ogos, IDF menyatakan yang Hamas, Jihad Islam dan kumpulan militan lain telah menembak 4,500 roket dan mortar dari Gaza, manakala IDF menyerang 5,263 sasaran di Gaza; sekurang-kurangnya 34 terowong yang diketahui telah dimusnahkan dan dua pertiga simpanan 10,000-roket Hamas telah digunakan atau dimusnahkan. Kementerian Dalam Negeri Palestin melaporkan yang sehingga 22 Ogos, 20,000 tan letupan telah dijatuhkan ke Gaza. Beberapa gencatan senjata awal dengan bantuan Mesir (termasuk pada 5 Ogos, apabila askar Israel berundur) tidak tahan lama. Akhirnya pada 26 Ogos, satu gencatan senjata tanpa penghujung diumumkan.Antara 2,000 dan 2,143 rakyat Gaza telah terbunuh (termasuk 495–578 kanak-kanak) dan antara 10,895 dan 11,100 lagi cedera. Sementara itu 66 orang askar IDF, 5 orang awam Israel dan seorang awam Thai telah terbunuh dan 450 askar IDF dan 80 orang awam Israel lagi cedera. Kementerian Kesihatan Gaza, PBB dan kumpulan hak asasi manusia melaporkan 70–75% mangsa Palestin ialah orang awam; Israel mendakwa hanya 50% orang awam. Pada 5 Ogos, OCHA menyatakan 520,000 orang Palestin di Genting Gaza (kira-kira 30% penduduknya) kehilangan tempat tinggal, dengan 485,000 daripadanya memerlukan bantuan makanan segera dan 273,000 orang berlindung di 90 sekolah bantuan PBB. 17,200 rumah Gaza musnah atau rosak teruk, dan 37,650 lagi mengalami kerosakan namun masih boleh diduduki. Di Israel, dianggarkan 5,000 hingga 8,000 orang melarikan diri akibat ancaman serangan roket dan mortar.",Konflik Israel–Gaza 2014
29,https://nl.wikipedia.org/wiki/Conflict_in_de_Gazastrook_2014,nl,"Het conflict in de Gazastrook 2014 was een militair conflict in de zomer van 2014 in de Gazastrook en zuidelijk Israël. Op 8 juli 2014 startte het Israëlische leger (IDF) een militaire operatie genaamd 'Operatie Beschermende Rand' (in het Engels: Operation Protective Edge), gericht tegen de Palestijnse beweging van Hamas en de Palestijnse Islamitische Jihad (Palestinian Islamic Jihad (PIJ).
Bij deze operatie van zeven weken vielen aan Palestijnse zijde meer dan 2100 doden, grotendeels burgers, en raakten meer dan 10.850 Palestijnen gewond, waaronder 3300 kinderen en meer dan 2000 vrouwen. Meer dan 17.000 gebouwen werden verwoest door met name luchtaanvallen.
Aan Israëlische zijde vielen 73 doden (7 burgers en 66 militairen) en raakten meer dan 500 personen gewond (450 soldaten en 80 burgers). Op 26 augustus 2014 werd een staakt-het-vuren ingesteld.
Volgens Israël waren de raketaanvallen vanuit Gaza op Israël de oorzaak van het conflict.
Als aanleiding tot de militaire operatie werd echter de ontvoering en moord van drie Israëlische tieners nabij Hebron op de Westelijke Jordaanoever op 12 juni 2014 aangegrepen. Netanyahu hield de Palestijnse beweging Hamas er voor verantwoordelijk, maar Hamas ontkende hiervoor verantwoordelijk te zijn.
Khaled Mashal, de politiek leider van Hamas, verklaarde in augustus 2014 dat de leiders van Hamas geen weet hadden gehad van de ontvoering die door enkele leden van Hamas was uitgevoerd. Op 21 augustus 2014 verklaarde Saleh Arouri vanuit Turkije dat leden van Hamas verantwoordelijk waren voor de ontvoering van de drie jongens. Arouri is een van de oprichters van de Qassam-brigades, de militaire tak van Hamas, en is in 2017 de tweede man van Hamas.In feite waren de afgebroken vredesbesprekingen tussen Israël en de Palestijnse Autoriteit de directe aanleiding. Volgens Hamas was dit een poging van Netanyahu om de ""Palestijnse verzoening te saboteren"". Netanyahu was een fel tegenstander van de Palestijnse Regering van Nationale Eenheid van Fatah (Westelijke Jordaanoever) en Hamas (Gazastrook), waartoe in april 2014 was besloten.",Conflict in de Gazastrook 2014
30,https://no.wikipedia.org/wiki/Gaza-krigen_2014,no,"Gaza-krigen 2014 var en 50 dager lang krig mellom Israel og Gaza som pågikk sommeren 2014. Krigen var en eskalering av den pågående konflikten mellom Israel og Gaza som startet etter at Hamas tok makten på Gazastripen i 2007 - og Israel iverksatte sin blokade av Gaza. Krigen i 2014 begynte etter at Israel lanserte en større militæroperasjon kalt «Operation Protective Edge» på Gazastripen. Angrepet hadde som uttalt mål å stoppe palestinske raketter som ble sendt mot Israel, ødelegge tunneler på grensen til Israel og å ramme Hamas lederskap hardt. Rakettbeskytningene fra Gaza hadde pågått i lav skala over lengre tid, men økte kraftig etter at Israel gjennomførte flere flyangrep mot Gaza i juni. De palestinske rakettbeskytningene hadde sin bakgrunn i den sterke misnøyen som den israelske blokaden hadde skapt for innbyggerne på Gaza. Denne blokaden har vært hovedårsaken til en langvarig konflikt og flere dødbringende trefninger mellom partene. 
Det er antatt at voldseskaleringen i juni skjedde på bakgrunn av bortføringen av tre jødiske ungdommer på den okkuperte Vestbredden. Israel beskyldte Hamas for å stå bak ugjerningen, og spenningen økte ytterligere da de tre ungdommene ble funnet drept. Andre forholdt som har blitt trukket frem er forsoningsavtalen mellom Hamas og Fatah.Over 2 200 ble drept og over 10 000 ble skadd i krigen, for det meste palestinere. Krigen gikk hardt ut over sivilbefolkningen, blant annet så ble over 500 barn drept på Gazastripen.110 000 bygninger ble ødelagt eller skadet på Gazastripen og over 100 000 ble gjort hjemløse.",Gaza-krigen 2014
31,https://pl.wikipedia.org/wiki/Konflikt_izraelsko-palesty%C5%84ski_(2014),pl,"Po serii wydarzeń w 2014 roku nastąpiła eskalacja konfliktu izraelsko-palestyńskiego. Wydarzenia te obejmują załamanie rozmów izraelsko-palestyńskich wspieranych przez Stany Zjednoczone, porwanie i zabójstwo trzech izraelskich nastolatków, następnie porwanie i zabójstwo palestyńskiego nastolatka Muhammada Abu Chudajra, wybudowanie przez Hamas podziemnych tuneli biegnących do terytorium Izraela oraz nasilenie ataków rakietowych na Izrael przez bojowników Hamasu w odpowiedzi na atak izraelskich wojsk na bojowników Hamasu w Zachodnim Brzegu. 8 lipca 2014 r. Siły Obronne Izraela (IDF) na obszarze Strefy Gazy rozpoczęły operację „Ochronny Brzeg” (hebr. מִבְצָע צוּק אֵיתָן, arab. العملية حافة واقية).
Po porwaniu i morderstwie trzech izraelskich nastolatków w połowie czerwca 2014 r. izraelska armia rozpoczęła operację „Brother’s Keeper” w celu ich odszukania. W czasie operacji, w ciągu kolejnych 11 dni izraelskie wojsko zabiło ok. 5-10 Palestyńczyków oraz aresztowało ok. 350-600 Palestyńczyków, w tym prawie wszystkich liderów Hamasu w Zachodnim Brzegu.
W nocy z 6 na 7 lipca w izraelskim ataku zginęło siedmiu bojowników Hamasu. W odpowiedzi na atak bojownicy Hamasu nasilili ataki rakietowe na Izrael. 7 lipca bojownicy Hamasu wystrzelili ok. 100 rakiet ze Strefy Gazy na terytorium Izraela, natomiast Siły Powietrzne Izraela zbombardowały cele na obszarze Strefy Gazy. Ranem 8 lipca Siły Powietrzne Izraela zbombardowały ok. 50 celów w Strefie Gazy. Izraelskie wojsko udaremniło również atak bojowników Hamasu z morza. Tego samego dnia Hamas poinformował, że „wszyscy Izraelczycy są celami” oraz wezwał Izrael do zaprzestania wszelkich ataków na Gazę, zwolnienia aresztowanych Palestyńczyków z Zachodniego Brzegu, zniesienia blokady Strefy Gazy oraz powrót do warunków zawieszenia broni z 2012 r.W dniu 13 lipca izraelskie wojsko poinformowało, że miało miejsce ponad 1300 izraelskich ataków, podczas gdy ze Strefy Gazy w kierunku Izraela zostało wystrzelonych ponad 800 pocisków. 14 lipca Egipt zaproponował rozejm między Izraelem a Hamasem. Izraelski rząd zadeklarował akceptację dla wniosku i zaprzestał ataków do rana 15 lipca, jednakże palestyńskie ugrupowania ogłosiły, że nie konsultowano z nimi propozycji Egiptu, natomiast dowiedziały się o rzekomej propozycji za pośrednictwem mediów, w tym prezydenta Autonomii Palestyńskiej Mahmuda Abbasa. Hamas, podobnie jak inne palestyńskie ugrupowania, odrzucił propozycję rozejmu „w obecnej formie”.
Operacja Pierścień Ochronny to najkrwawsza operacja wojskowa przeprowadzona w Strefie Gazy od czasu operacji Płynny Ołów. Według Ministerstwa Zdrowia Strefy Gazy dotychczas zginęło co najmniej 1390 Palestyńczyków, a 7677 zostało rannych. Wśród zabitych jest 315 dzieci, 166 kobiet i 50 osób w podeszłym wieku. Biuro Narodów Zjednoczonych ds. Koordynacji Pomocy Humanitarnej (OCHA) oszacowało, że wśród zabitych jest 852 cywilów, z czego 384 to kobiety i dzieci. Rzecznik OCHA wyjaśnił, że w Gazie „nie ma dosłownie żadnego bezpiecznego miejsca dla ludności cywilnej”. Oprócz tego zginęło 63 izraelskich żołnierzy(1 podpułkownik, 3 majorów i 6 kapitanów), dwóch izraelskich cywilów oraz tajski robotnik. Siły Obronne Izraela oskarżyły Hamas o używanie cywilów jako „żywe tarcze” po znalezieniu rakiet Hamasu w szkole prowadzonej przez ONZ w Gazie; oskarżenia te zostały odrzucone przez Hamas. Obecnie operacja przeprowadzana jest przez izraelskie wojsko na 56% obszaru Strefy Gazy.
Według szacunków Biura Narodów Zjednoczonych ds. Koordynacji Pomocy Humanitarnej z 31 lipca 2014 r. ponad 250 tys. Palestyńczyków mieszkających na terenie Strefy Gazy zostało wysiedlonych, z czego 236,375 jest schronionych w 88 szkołach prowadzonych przez ONZ (ponad 11% ludności Strefy Gazy). Szkoły te ograniczają przyjmowanie kolejnych Palestyńczyków, ponieważ grozi to wybuchnięciem epidemii. Około 1.8 mln osób jest narażonych na zmniejszenie lub zatrzymanie dostaw wody. W czasie operacji uszkodzonych zostało 136 szkół, 24 szpitali; zniszczone są domy 9395 rodzin, natomiast uszkodzone, ale nadające się do ponownego zamieszkania są domy 4735 rodzin. Mieszkańcy Strefy Gazy otrzymują tylko 3 godziny energii elektrycznej dziennie. Zniszczenie jedynej funkcjonującej w Strefie Gazy elektrowni ma bardzo negatywny wpływ na panującą tam sytuację – są duże problemy m.in. z prowadzeniem pomocy humanitarnej, usług sanitarnych, dostawami wody oraz zasilaniem szpitali, które są uzależnione od dostaw energii elektrycznej. Ponad 250 tys. wewnętrznych uchodźców potrzebuje pomocy żywnościowej.",Konflikt izraelsko-palestyński (2014)
32,https://pt.wikipedia.org/wiki/Opera%C3%A7%C3%A3o_Margem_Protetora,pt,"A chamada Operação Margem Protetora (em hebraico: מִבְצָע צוּק אֵיתָן, Mivtza' Tzuk Eitan; em árabe: الحرب على غزة 2014; também chamado al-Harb 'alaa Ġazzah, em português Guerra em Gaza de 2014) foi uma campanha militar lançada pelas Forças Armadas de Israel contra a Faixa de Gaza, governada pela organização palestina Hamas. A operação aérea foi iniciada em 8 de julho de 2014, enquanto as primeiras incursões terrestres contra Gaza aconteceram a partir do dia 17 do mesmo mês. Em 26 de agosto, os combates se encerraram depois de sete semanas de lutas.O conflito teve início logo após o sequestro e assassinato de três adolescentes israelenses em meados de junho de 2014. As Forças de Defesa de Israel então iniciaram a Operação Busca dos Irmãos, na procura dos três rapazes. Como parte da operação, nos onze dias seguintes, militares israelenses mataram entre cinco e dez palestinos e prenderam entre 350 e 600 outros, incluindo quase todos os líderes do Hamas na Cisjordânia. Em resposta ao sequestro dos israelenses, um jovem menino palestino, Muhamed Abu Khdeir, foi raptado e queimado vivo por extremistas judeus. Uma série de protestos eclodiram nos territórios palestinos e foguetes foram disparados contra o sul de Israel. Este, por sua vez, iniciou uma campanha de bombardeio aéreo intenso contra a Faixa de Gaza. Nove dias depois, o exército israelense decidiu começar uma invasão por terra no território e então os combates se tornaram generalizados, matando centenas de pessoas (a maioria civis).A Operação Margem Protetora foi a operação militar mais mortífera que ocorreu na região desde a Guerra de Gaza de 2008. O Escritório das Nações Unidas para a Coordenação de Assuntos Humanitários estimou em 23 de julho que 697 dos mortos eram civis, dos quais 256 eram mulheres ou crianças. No final de agosto (com sete semanas de combates), mais de 2 000 palestinos e 60 militares israelenses já haviam morrido. As Forças de Defesa de Israel acusaram o Hamas de usar civis como ""escudos humanos""; uma alegação que é negada pelo grupo palestino.Grupos de direitos humanos argumentaram que os ataques de ambos os lados, tanto os lançamentos de mísseis palestinos contra o território israelense quanto a destruição de casas de militantes do Hamas em áreas civis de Gaza pelas forças de Israel, violam o direito internacional humanitário e podem constituir crimes de guerra.",Operação Margem Protetora
33,https://ro.wikipedia.org/wiki/Opera%C8%9Biunea_Protective_Edge,ro,,Operațiunea Protective Edge
34,https://ru.wikipedia.org/wiki/%D0%9E%D0%BF%D0%B5%D1%80%D0%B0%D1%86%D0%B8%D1%8F_%C2%AB%D0%9D%D0%B5%D1%80%D1%83%D1%88%D0%B8%D0%BC%D0%B0%D1%8F_%D1%81%D0%BA%D0%B0%D0%BB%D0%B0%C2%BB,ru,"Операция «Нерушимая скала» или «Несокрушимая скала» (ивр. ‏מבצע צוק איתן‏‎, Мивца Цук Эйтан) — кодовое название израильской военной операции в секторе Газа, проведённой с 7 июля по 26 августа 2014 года. Заявленной целью операции являлось уничтожение военной инфраструктуры правящего в Газе исламистского движения ХАМАС и его союзников, признанных террористическими организациями рядом стран (не включая Россию), и предотвращение ракетных обстрелов территории Израиля. Первоначально операция осуществлялась нанесением точечных ударов по территории Газы, но после попытки ХАМАСа, согласно израильским источникам, провести крупномасштабный теракт 17 июля премьер-министр Израиля Биньямин Нетаньяху отдал приказ о проведении ограниченной наземной операции, «целью которой является ликвидация угрозы, исходящей от туннелей, ведущих из Газы на территорию Израиля». Операция не имела целью свержение ХАМАС, итоги её неоднозначно восприняты в израильском обществе. 26 августа 2014 года в Каире было подписано соглашение о прекращении огня на неограниченный срок.",Операция «Нерушимая скала»
35,https://sco.wikipedia.org/wiki/2014_Israel%E2%80%93Gaza_conflict,sco,,2014 Israel–Gaza conflict
36,https://sh.wikipedia.org/wiki/Rat_u_Gazi_2014.,sh,"Rat u Gazi 2014., znan i kao Operacija Zaštitni rub (hebrejski: מִבְצָע צוּק אֵיתָן‎, Mivtza' Tzuk Eitan) izbio je kada su Izraelske obrambene snage (IDF) započele vojnu kampanju nad pojasom Gaze 8.7. 2014. U pet dana poginulo je 148 Palestinaca. Ured Ujedinjenih Nacija za koordinaciju humanitarnih poslova procjenjuje da su oko 67% ubijenih civili, od kojih su 21% bili djeca. Do 13.7., prijavljeno je više od 1.300 izraelskih zračnih napada, sa oko 800 raketa izbačenih na Gazu sa Izraela. Rat je završio 26.8. još jednim primirjem kojim je nastavljen status quo u arapsko-izraelskom sukobu. 
Povod za izbijanje sukoba bila je otmica i ubojstvo trojice izraelskih tinejdžera na Zapadnoj obali u lipnju 2014., zbog čega je Izrael optužio Hamas. Ipak, izraelske vlasti nisu ponudile nijedan dokaz o toj tvrdnji a sam Hamas je osporio da je imao ikakve veze sa tim incidentom. Zbog nemira nakon otmice, deset Palestinaca je poginulo dok je nekoliko stotina uhićeno od izraelske policije i vojske na Zapadnoj obali u potrazi za otetim mladićima. Hamas, koji je zaustavio ispaljivanje raketa sa Gaze na Izrael od primirja postignutog nakon završetka Operacije Stup od oblaka, uzeo je izravnu odgovornost na ponovno lansiranje raketa na Izrael 8.7. 2014. te zahtijevao da se oslobode Palestinci koji su uhićeni tijekom pretrage.Satima nakon pogreba trojice izraelskih mladića, 16-godišnji palestinski dječak je otet i živ zapaljen od židovskih ekstremista u znak odmazde. Šest Židova je kasnije uhićeno od policije zbog tog zločina. To je pak bio okidač nove eskalacije među palestinskim stanovništvom te su se nemiri proširili po istočnom Jeruzalemu i drugim arapskim naseljima širom Izraela i Zapadne obale, dok je izraelski premijer Benjamin Netanyahu obitelji ubijenog palestinskog dječaka dao javnu ispriku. Istodobno, započeli su i novi napadi: Hamas je lansirao raketa sa pojasa Gaze na jug Izraela, dok je IDF započeo sa zračnim napadima Gaze. Egipat su uključio u postizanje primirja.Ipak, taj pokušaj primirja nije postignut. Oko 100-injak raketa je ispaljeno sa Gaze 7.7. na gradove Be'er Sheva, Ashdod, Ofakim, Ashkelon i Netivot. IDF je potom uzvratio zračnim napadima na pojas Gaze u noći sa ponedjeljka na utorak, 8.7. Izraelska zračna obrana, tzv. željezna kupola, uspio je zaustaviti dobar dio njih. IDF je također spriječio prelazak palestinskih militanata na izraelski teritorij putem mora.Glasnogovornik IDF-a je izjavio da je cilj operacije ""zaustaviti Hamasov terorizam usmjeren protiv izraelskih građana na svakodnevnom režimu"".Operacija Zaštitni rub je najsmortnosnija vojna kampanja u Gazi od završetka rata u Gazi 2008.–2009. te se IDF našao na udaru kritika: nakon poziva na evakuaciju, oko 17.000 Palestinaca je napustilo domove na sjeveru Gaze dok su zračni napadi pogodili i zaštićene lokacije, kao što je sklonište za invalide. dok je preko 900 stambenih jedinica uništeno ili oštećeno.19.7., IDF je pokrenuo i kopnenu ofenzivu u Gazi, čime su dodatno pojačane žrtve zbog borbi oko zgrada. Nakon 13 dana sukoba, UN je objavio da je u pojasu Gaze raseljeno 83.695 Palestinaca dok je poginulo preko 500. Sveukupno je u ovom ratu poginulo oko 2.200 osoba, od čega je - ovisno o izvoru dvaju strana - poginulo između 45% i 75% civila, dok je oko pola miliona osoba raseljeno.",Rat u Gazi 2014.
37,https://si.wikipedia.org/wiki/2014_%E0%B6%8A%E0%B7%81%E0%B7%8A%E2%80%8D%E0%B6%BB%E0%B7%8F%E0%B6%BA%E0%B7%99%E0%B6%BD%E2%80%93%E0%B6%9C%E0%B7%8F%E0%B7%83%E0%B7%8F_%E0%B6%9C%E0%B7%90%E0%B6%A7%E0%B7%94%E0%B6%B8,si,"ආරක්ෂක ගැටිය මෙහෙයුම (හීබ්‍රෑ: מִבְצָע צוּק אֵיתָן‎‎, මිව්ට්සා' සුක් එයිටන්, වචනානුසාරයෙන් ""ශක්තිමත් පරය මෙහෙයුම"") යනු,  ඊශ්‍රායෙල ආරක්ෂක හමුදාව (අයිඩීඑෆ්) විසින් පලස්තීනියානු ගාසා තීරයේදී, 2014 ජූලි 8 දිනදී දියත් කෙරුණු ක්‍රියාන්විතයකි.    අවම වශයෙන් පලස්තීනියානුවෝ 192 දෙනෙකු හෝ මිය ගියහ. මානවවාදී කටයුතු සම්බන්ධීකරණය සඳහා එක්සත් ජාතීන්ගේ කාර්යාලය ඇස්තමේන්තු කරන්නේ, ජූලි 14 දින වන විට, මිය ගිය අයගෙන් 77% සිවිල් වැසියන් වූ බවත්, එයින් 26% දරුවන් වූ බවත්ය. ගාසා සෞඛ්‍ය අමාත්‍යාංශය පරිදී, පලස්තීනවරුන් 1,400 කට වඩා තුවාල ලබා ඇත. මියගියවුන්ගෙන් 90 දෙනෙක් පමණ හමාස් සටන්කාමීන් බව ඊශ්‍රායෙල ආරක්ෂක හමුදාව ඇස්තමේන්තු කරමින් හමාස් විසින් ගාසානු ජනගහණය මිනිස් පළිහක් ලෙසින් භාවිතා කළ බව කියා සිටින අතර, ඊශ්‍රායෙල රානොසං බෙත්සලෙම් කියාසිටින්නේ ප්‍රහාර 10 ක් විසින් සිවිල් වැසියන් ගණනක් මරාදැමීම යුද්ධ අපරාධ ගණයට ගැනෙන බවයි. ජූලි 13 වන විට, 1,300 කට වඩා ඊශ්‍රායෙල ප්‍රහාර වාර්තා වූ අතර, 800 කට වඩා මිසයිල ගාසා සිට ඊශ්‍රායෙලයට එල්ල කොට තිබුණි.එය සිදු කල බවට ඊශ්‍රායෙලය විසින් හමාස් වෙත චෝදනා එල්ල කළ,  2014 ජූනි මාසයේදී බටහිර ඉවුරෙහිදී  ඊශ්‍රායෙල ගැටවරයන් තිදෙනෙක් පැහැරගෙන ගොස් මරා දැමීම වෙතින් ඇරඹුනු සිද්ධි දාමයකින් ඉක්බිතිව මෙම මෙහෙයුම ඇරඹිණි. අයිඩීඑෆ් විසින් තදින් කියා සිටින්නේ, ගැටවරයන් පැහැරගෙන ගිය බවට ඊශ්‍රායෙලය විසින් සැක පල කරන මිනිසුන් දෙදෙනා, හමාස් සාමාජිකයන් බවට හොඳින් දන්නා දෙදෙනෙකු බවයි.   ඊශ්‍රායෙල බලධාරින් විසින් මේ සඳහා කිසිදු සාක්ෂියක් ඉදිරිපත් කර නොමැති අතර හමාස් විසින් පැහැරගෙන යෑම පිළිබඳ කිසිදු සම්බන්ධයක් ඇති බව ප්‍රතික්ෂේප කර ඇත.   ඊශ්‍රායෙල හමුදා විසින් වයස 18 අඩු දෙදෙනෙකු ඇතුළු පලස්තියානුවන් දස දෙනෙකු මරා දැමූ අතර,  මින් ඉක්බිතිව, නැතිවී ඇති ගැටවරයන් පුළුල් අයුරින් සෙවීම සහ හමාස් කුටි සහ යටිතලව්‍යුහ මර්දනය සඳහා ඇරඹුනු හා, සහෝදරයන්ගේ රැකවලා මෙහෙයුම යන නමින් හැඳින්වුනු මෙහෙයුම මගින් තවද සිය ගණනක් බටහිර ඉවුරෙහිදී අත්අඩංගුවට ගැනුණහ.   නැතිවුණු ඊශ්‍රායෙල ගැටවරයන් තිදෙන සඳහා දියත් කෙරුණු සෝදිසිය තුලදී, ගිල්ආඩ් ෂලීට් සිරකරු හුවමාරුව තුලදී නිදහස් කෙරුණු බොහෝ දෙනා, අයිඩීඑෆ් විසින් අත්අඩංගුවට ගැනිණි. ආරක්ෂක ස්තම්භය මෙහෙයුම අවසානයේදී, 2012 නොවැම්බර මාසයේදී ඇතිවූ සටන්විරාම එකඟතාවය ඇතිවූ අවස්ථාවෙහි සිට, ගාසා තීරයේ සිට සටන්කාමී රොකට් ප්‍රහාර එල්ල කිරීම සම්බන්ධයෙන් වගකිව යුතු බවට ඊශ්‍රායෙලය විසින් චෝදනා කෙරුණු හමාස් සංවිධානය, 2014 ජූලි 8 දිනදී ඊශ්‍රායෙලය වෙත නොකඩවා රොකට් ප්‍රහාර එල්ලකිරීම පිළිබඳව සෘජු වගකීම භාර ගත් අතර සටන්විරාමයක කොන්දේසියක් වශයෙන් යළි-අත්අඩංගුවට පත් වූවන් නිදහස් කිරීම බලකර සිටියහ. මරා දැමුණු ඊශ්‍රායෙල් ජාතිකයින්ගේ අවමගුලෙන් පැය කිහිපයකට පසුව, බෙයිට් හනීනා ප්‍රදේශයේ මොහමඩ් අබු කහ්ඩියර් නමැති 16-වියැති පලස්තීනියානු ගැටවරයෙකු, යුදෙව් අන්තවාදීන් විසින් පැහැරගෙන ගොස් අමු අමුවේ පුලුස්සා දමන ලද්දේ පළිගැනීමේ ප්‍රහාරයක් ලෙසිනි.  මෙම මරාදැමුම සම්බන්ධයෙන් යුදෙව් සැකකරුවන් සයදෙනෙක් ඊශ්‍රායෙල පොලීසිය වෙතින් අත්අඩංගුවට ගැනුණහ.  කහ්ඩියර්ගේ සිරුර සොයාගැනීමත් සමගම, නැගෙනහිර ජෙරුසලෙම තුල විරෝධතා හා කෝලහාල ඇතිවී ඒවා රට තුල අරාබි ගම්මාන දක්වා පැතිරුණු අතර, ඊශ්‍රායෙල අග්‍රාමාත්‍යය බෙන්ජමින් නෙතනියාහු විසින් නිල සමාව අයැදීමක් සහ ශෝක ප්‍රකාශයක් කිරීමටද සිදු විය.  මෙම කාලසීමාව තුලදීම, ඊශ්‍රායෙලය වෙතට ගාසා-වෙතින් රොකට් ප්‍රහාර සහ ගාසා තීරය වෙත ඊශ්‍රායෙල ගුවන් ප්‍රහාර හුවමාරුව උත්සන්න විය.  ඊජිප්තුව විසින් තැරැව්කරන ලද හා, ගාසා වෙත ගුවන් ප්‍රහාර නැවැත්වීමට ඊශ්‍රායෙල ඇප වීම වෙනුවෙන් රොකට් එල්ලකිරීමෙන් වැලකීමට හමාස් එකඟ වන, භව්‍ය සටන් විරතියක්, ජූලි 4 දින සිට ක්‍රියාත්මක විය හැකි බවට පලවිණි. හමාස් හෙළිදරව් කළේ එකඟවූ සටන් විරතිය පැය කිහිපයක් තුලදී ප්‍රකාශයට පත් කෙරෙන බවයි.ඊශ්‍රායෙල් ප්‍රකාශකයෙක් පැවසුවේ 'තීරණය ඇත්තේ හමාස් වෙත බවයි'. ප්‍රකාශය සිදුකෙරුණේම නැත. ගාසාහී අඩවි කිහිපයක් වෙත ඊශ්‍රායෙලය විසින් ප්‍රහාර එල්ල කල අතර, ගාසාහී සිට ඊශ්‍රායෙල බල ප්‍රදේශය වෙත, ජූලි 7 දින වන විට රොකට් 100ක් එල්ල කෙරුණේ, බියෙර් ෂෙවා, අෂ්ඩෝඩ්, ඔෆාකිම්, ඇෂ්කෙලෝන් සහ නෙටිවොට් දෙසටය.    සඳුදා රාත්‍රිය පුරා ඊශ්‍රායෙලය විසින් ගාසා තීරයේ ඉලක්ක 50ක් වෙත ප්‍රහාර එල්ල කල අතර, ජූලි 8 වන අඟහරුවාදා වන විට, ගාසාහී පලස්තීනියානු සටන්කාමින් විසින්  පැය 24 තුල 140 ට වඩා රොකට් ප්‍රමාණයක් ඊශ්‍රායෙල වෙතට එල්ල කල අතර, ටෙල් අවිව් නගරයට ඔබ්බේ උතුරේ වූ හඩේරා දක්වා මේවා එල්ල විය. යකඩ ගෝලාර්ධය නම්වූ, ඊශ්‍රායෙලයේ   රොකට්-එරෙහි ආරක්ෂක පද්ධතිය විසින්, එයින් 30 ක් පමණ අතුරුවැරීම් කළේය. මුහුද වෙතින් සිදු කිරීමට උත්සාහ කළ ප්‍රහාරයක්ද ඊශ්‍රායෙලය විසින් වලක්වන ලදි.  අඟහරුවාදා උදෑසන වන විට ඊශ්‍රායෙලය විසින් ප්‍රධාන හමුදාමය ප්‍රතිචාරයක් ඇරඹීය.
මෙහෙයුම ආරම්භයේදී, අයිඩීඑෆ් ප්‍රකාශක ට්වීට් වෙතින් පැවසුවේ, ""අයිඩීඑෆ් විසින් ගාසාවෙහිදී ආරක්ෂක ගැටිය මෙහෙයුම හමාස්ට විරුද්ධව ඇරඹුවේ, ඊශ්‍රායෙල පුරවැසියන් දෛනික පදනමකින් මුහුණපාන ත්‍රස්තවාදය නැවැත්වීමටය"".  පලස්තීනයේ ජනාධිපති වෙනුවෙන් පෙනී සිටි ප්‍රකාශකයෙක් විසින්,  මෙම මෙහෙයුම 'පලස්තීනුවන් වෙත යුද්ධ ප්‍රකාශ කිරීමක්' බවත්, අහිංසකයන් සංහාරය කිරීමක් ලෙස ඔහු පෙන්වා දුන් මෙය පිළිබඳ විරෝධය පළ කරන බවත් පැවසූ අතර,   'සමස්ත නීත්‍යානුකූල ක්‍රම භාවිතයෙන් තමන් ආරක්ෂා කර ගැනුමට පලස්තීනුවන්ට අයිතිවාසිකමක් ඇති බවත්' එක් කළේය. 2008–2009 දී පැවැති ගාසා යුද්ධයෙන් පසුව ගාසාහී පැවැති බිහිසුණුම හමුදාමය මෙහෙයුම වන්නේ ආරක්ෂක ගැටිය මෙහෙයුමයි.",2014 ඊශ්‍රායෙල–ගාසා ගැටුම
38,https://sr.wikipedia.org/wiki/%D0%9E%D0%BF%D0%B5%D1%80%D0%B0%D1%86%D0%B8%D1%98%D0%B0_%D0%97%D0%B0%D1%88%D1%82%D0%B8%D1%82%D0%BD%D0%B0_%D0%B8%D0%B2%D0%B8%D1%86%D0%B0,sr,"Операција Заштитна ивица је операција израелских одбрамбених снага у Појасу Газе, покренута 8. јула 2014. године и уследила је као одговор Израела на ескалацију ракетних напада од стране Хамаса.
Операција прати низ догађаја који су започели киднаповањем и убиством тројице израелских тинејџера у [[јун]у, за шта је Израел оптужио Хамас, што је Хамас негирао. Само неколико сати након сахране изралеских дечака, из освете је киднапован и убијен шеснаестогодишњи Палестинац, што је проузроковало немире у источном делу Јерусалима, који су се убрзо проширили на остале делове земље са већинским арапским становништвом. 
У исто време је започело лансирање ракета из појаса Газе према Израелу, као и ваздушни напади израелских снага према појасу Газе. До сада је испаљено око 140 ракета ка Израелу, од чега је израелски одбрамбени систем Гвоздена купола успела да пресретне велику већину.
Међународна заједница, укључујући Уједињене нације, Арапску лигу, Европску унију итд., осудила је ексалацију насиља и позвала на прекид ватре са обе стране.
06. јула 2014. године је договорено примирје на 72 сата.",Операција Заштитна ивица
39,https://sv.wikipedia.org/wiki/Gazakriget_2014,sv,"Gazakriget 2014 var en väpnad konflikt mellan de palestinska motståndsrörelserna, däribland Hamas, och Israel. Den inleddes i samband med kidnappningen och mordet på tre israeliska bosättarungdomar i slutet av juni 2014. Israel svarade med en storskalig operation på Västbanken, varvid man fängslade mer än 500 palestinier och dödade minst 10 palestinier. Hamas i Gaza ökade raketbeskjutningen in i Israel och Israel inledde en luftoffensiv den 8 juli 2014  mot Gazaremsan med målet att få ett slut på raketangreppen. Första dagen av Israels offensiv attackerades över 200 mål på Gazaremsan. Hamas fortsatte sin raketbeskjutning mot Israel och avfyrade samma dag 150 raketer. Under konflikten avfyrades 4 594 avfyrades olika former av raketartilleri mot israeliska områden varav alla utom 70 stoppades av luftförsvarssystemet Iron Dome som skyddar tätbebyggda områden, en verkningsgrad på 90%. Nio dagar senare påbörjade Israel en markinvasion i Gaza för att förstöra Hamas underjordiska tunnlar som ledde in i Israel. Israel drog tillbaka sina trupper 5 augusti efter att ha förstört tunnlarna.Israel och palestinierna enades 26 augusti 2014 om en permanent vapenvila i Gaza.",Gazakriget 2014
40,https://ta.wikipedia.org/wiki/%E0%AE%AA%E0%AE%BE%E0%AE%A4%E0%AF%81%E0%AE%95%E0%AE%BE%E0%AE%AA%E0%AF%8D%E0%AE%AA%E0%AF%81_%E0%AE%B5%E0%AE%BF%E0%AE%B3%E0%AE%BF%E0%AE%AE%E0%AF%8D%E0%AE%AA%E0%AF%81_%E0%AE%A8%E0%AE%9F%E0%AE%B5%E0%AE%9F%E0%AE%BF%E0%AE%95%E0%AF%8D%E0%AE%95%E0%AF%88,ta,"பாதுகாப்பு விளிம்பு நடவடிக்கை (Operation Protective Edge, எபிரேயம்: מִבְצָע צוּק אֵיתָן; வலிமையான பாறை என்ற அர்த்தம்) என்பது 8 சூலை 2014 அன்று இசுரேலிய பாதுகாப்புப் படைகளினால் காசாக் கரை மீது தொடங்கப்பட்ட படைத்துறை நடவடிக்கையாகும்.இந்த படைத்துறை நடவடிக்கையின் போது 8 சூலை 2014 அன்று  காஸா, பெஇட், ஹனென் ஆகிய நகரங்களின் மீது இசுரேலிய பாதுகாப்புப் படைகளினால் மேற்கொள்ளப்பட்ட வான் தாக்குதல்களின் காரணமாக 192 பலஸ்தீனர்கள் கொல்லப்பட்டுள்ளனர்  , 1361 பேர் கடுமையான காயங்களுக்கும் உள்ளாகினர்.  17,000 பேர் வரை இடம்பெயர்ந்துள்ளதாக ஐக்கிய நாடுகள் சபை தெரிவித்துள்ளது.காசாவிலுள்ள பாலஸ்தீன ஆயுதக்குழுவான ஹமாஸுடன் 8 சூலை 2014 அன்று முதல் இஸ்ரேல் ஈடுபட்டுவருகின்ற சண்டையை நிறுத்துவதற்கு எகிப்து முன்மொழிந்த யோசனைக்கு பாதுகாப்பு விவகாரங்கள் தொடர்பான இஸ்ரேலிய அமைச்சர்கள் குழு ஒப்புதல் அளித்திருந்தது.ஆனால் ஹமாஸ் அமைப்பின் ஆயுதப் பிரிவு இந்த யோசனையை நிராகரித்தது.",பாதுகாப்பு விளிம்பு நடவடிக்கை
41,https://th.wikipedia.org/wiki/%E0%B8%84%E0%B8%A7%E0%B8%B2%E0%B8%A1%E0%B8%82%E0%B8%B1%E0%B8%94%E0%B9%81%E0%B8%A2%E0%B9%89%E0%B8%87%E0%B8%AD%E0%B8%B4%E0%B8%AA%E0%B8%A3%E0%B8%B2%E0%B9%80%E0%B8%AD%E0%B8%A5%E2%80%93%E0%B8%81%E0%B8%B2%E0%B8%8B%E0%B8%B2_%E0%B8%9E.%E0%B8%A8._2557,th,,ความขัดแย้งอิสราเอล–กาซา พ.ศ. 2557
42,https://tr.wikipedia.org/wiki/2014_%C4%B0srail-Gazze_%C3%A7at%C4%B1%C5%9Fmas%C4%B1,tr,"2014 İsrail-Gazze çatışması ya da İsrail hükümetinin ifade ettiği adla Koruyucu Hat Operasyonu (İbranice: מִבְצָע צוּק אֵיתָן, Mivtza' Tzuk Eitan) İsrail Savunma Kuvvetleri (IDF)'nin 8 Temmuz 2014'te Gazze Şeridi'ne yönelik başlattığı kara, hava ve deniz operasyonlarını içeren askeri harekat.",2014 İsrail-Gazze çatışması
43,https://uk.wikipedia.org/wiki/%D0%9E%D0%BF%D0%B5%D1%80%D0%B0%D1%86%D1%96%D1%8F_%C2%AB%D0%9D%D0%B5%D0%BF%D0%BE%D1%80%D1%83%D1%88%D0%BD%D0%B0_%D1%81%D0%BA%D0%B5%D0%BB%D1%8F%C2%BB,uk,"Операція «Непорушна скеля» або «Непохитна скеля» (івр. מבצע צוק איתן‎, Mivtza Tsuk Eitan) — кодова назва ізраїльської військової операції в секторі Газа, проведеної з 7 липня по 26 серпня 2014 року. Заявленою метою операції було знищення військової інфраструктури правлячого в Газі ісламістського руху ХАМАС і його союзників, визнаних низкою країн терористичними організаціями, і запобігання ракетним обстрілам території Ізраїлю. Спочатку операція здійснювалася нанесенням точкових ударів по території Гази, але після спроби ХАМАСу провести великомасштабний теракт 17 липня прем'єр-міністр Ізраїлю віддав наказ про проведення обмеженою наземної операції, «метою якої є ліквідація загрози, яка походить від тунелів, які ведуть з Гази на територію Ізраїлю». 26 серпня було підписано угоду про припинення вогню на необмежений термін.",Операція «Непорушна скеля»
44,https://ur.wikipedia.org/wiki/2014_%D8%A7%D8%B3%D8%B1%D8%A7%D8%A6%DB%8C%D9%84_%D9%88_%D8%BA%D8%B2%DB%81_%D8%AA%D9%86%D8%A7%D8%B2%D8%B9,ur,,2014 اسرائیل و غزہ تنازع
45,https://vi.wikipedia.org/wiki/Chi%E1%BA%BFn_d%E1%BB%8Bch_V%C3%A0nh_%C4%91ai_B%E1%BA%A3o_v%E1%BB%87,vi,"Chiến dịch Vành đai Bảo vệ là một chiến dịch quân sự do Lực lượng Phòng vệ Israel tiến hành ở Dải Gaza của Palestine, khai hỏa vào ngày 08 tháng 7 năm 2014.  Chiến dịch được tiến hành sau một sự leo thang trước đó giữa Israel và Hamas.
Trong quá trình tìm kiếm ba thanh thiếu niên Israel bị bắt cóc và bị sát hại vào tháng 6 năm 2014, quân đội Israel đã giết chết 10 người Palestine, làm bị thương 130 và bố ráp 500-600 cá nhân Hamas liên quan  trong một phần của Chiến dịch Người bảo vệ Anh em. Đáp trả lại, Hamas gia tăng các cuộc tấn công rocket vào Israel. Đến ngày 7 tháng 7, 100 quả rocket đã được bắn từ Gaza vào lãnh thổ Israel, hướng tới Beersheba, Ashdod, Ofakim, Ashkelon, và Netivot và Israel đã công kích Dải Gaza.
Trong đêm đó, Israel tấn công 50 mục tiêu ở Dải Gaza, và ngày 8 tháng 7, các chiến binh Palestine ở Gaza đã bắn hơn 140 quả rocket trong vòng 24 giờ vào Israel, xa về phía bắc Hadera, ngoài Tel Aviv.
Hệ thống phòng thủ chống tên lửa Vòm Sắt của Israel đã chặn được 30 quả rocket.
Kể từ khi chiến sự bùng phát tại Dải Gaza, ít nhất đã có 390 người Palestine thiệt mạng và hơn 3.000 người bị thương trong các cuộc tấn công do Israel tiến hành. Phần lớn các nạn nhân là dân thường Palestine.",Chiến dịch Vành đai Bảo vệ
46,https://zh.wikipedia.org/wiki/2014%E5%B9%B4%E4%BB%A5%E5%B7%B4%E5%86%B2%E7%AA%81,zh,"2014年以巴冲突，或2014年加薩戰爭，以色列稱保护边缘行动（希伯來語：מִבְצָע צוּק אֵיתָן‬‎‎，Mivtza' Tzuk Eitan，又被译为保护边界行动或护刃行动），是以色列国防军2014年7月8日起在哈马斯统治加沙地带的行动。截至7月13日，有1300起以色列袭击被报告，加沙向以色列发射超过800枚导弹。七周的行動中，死亡人數超過2,200人，大多數為加沙人。
在衝突進行了50天後，以色列與巴勒斯坦武裝組織哈馬斯已同意埃及提出的方案，從格林威治時間8月26日16時開始在加沙實施無限期停火，為50天來造成超過2,100多人死亡的加薩戰事畫下句點。停火協議生效後，以軍機飛離加沙上空，加沙武裝人員也停止向以色列境內發射火箭彈，而以色列同時開放以色列與加薩間的邊界關卡，讓人道援助和賑濟物資和重建材料迅速進入，解除2007年以來對加沙走廊的封鎖。",2014年以巴冲突
47,https://he.wikipedia.org/wiki/%D7%9E%D7%91%D7%A6%D7%A2_%D7%A6%D7%95%D7%A7_%D7%90%D7%99%D7%AA%D7%9F,he,"מבצע צוק איתן היה מבצע צבאי רחב-היקף שהוביל צה""ל ברצועת עזה בין ה-8 ביולי (י' בתמוז) ל-26 באוגוסט 2014 (ל' באב ה'תשע""ד) במשך 50 ימי לחימה.
המבצע הוכרז בעקבות ירי רקטי בלתי פוסק מרצועת עזה לעבר אוכלוסייה אזרחית ויישובים בדרום ישראל, שהחל כתגובה ל""מבצע שובו אחים"" של צה""ל לאחר חטיפת שלושת הנערים הישראלים ורציחתם ב-12 ביוני אותה שנה. בשלב הראשון כלל המבצע בעיקר הפצצות כבדות של חיל האוויר הישראלי, חיל השריון וחיל התותחנים ברצועת עזה, כשבמקביל ישראל ספגה ירי רקטי מרצועת עזה והתמודדה עם חדירה של מחבלים חמושים לשטחה שהגיעו מרצועת עזה דרך הים או דרך מנהרות. בשלב השני, שהחל ב-17 ביולי, נכנסו כוחות קרקעיים של צה""ל לרצועה תחילה לעיירה בית חאנון במטרה להרוס את מנהרות הטרור, וכעבור שלושה ימים החל קרב שג'אעיה. בשלב שלישי, שהחל ב-5 באוגוסט הושלמה יציאת הכוחות הקרקעיים של צה""ל מרצועת עזה, אך הלחימה נמשכה במתכונת השלב הראשון. במהלך המבצע נמנו 12 ניסיונות לתיווך ולהשגת הפסקת אש, כאשר רוב הניסיונות התקבלו על ידי ישראל, אך נדחו על ידי חמאס. המבצע הסתיים לאחר 50 ימי לחימה, עם קביעת הפסקת האש.
עם תחילת המבצע נפרסו סוללות כיפת ברזל ברחבי ישראל כדי להגן גם על יישובים במרכז הארץ. במהלך המבצע נורו 4,594 רקטות ופצצות מרגמה לעבר ישראל, מתוכן 735 יורטו על ידי כיפת ברזל, 64 מהן נפלו בשטחי מגורים, 188 מהן כשלו ונפלו בתוך שטחי הרצועה ו-3,607 מהן נפלו בשטחים פתוחים. מנגד צה""ל תקף 6,231 מטרות טרור בשטחי רצועת עזה; 10,590 מבנים נפגעו בתקיפות, 4,024 מבנים נהרסו כליל עד היסוד ו-32 מנהרות טרור הושמדו.בצד הישראלי נהרגו 68 חיילים, 5 אזרחים ואזרח זר אחד, ונפצעו 1,433 חיילים ו-837 אזרחים. מבחינת הפלסטינים נהרגו בין 936 ל-1,408 פעילי טרור, ובין 761 ל-1473 אזרחים, מעל ל-11,000 פלסטינים פצועים, ומעל ל-200 פעילי טרור נשבו בידי ישראל. בנוסף, עשרות פלסטינים ברצועת עזה הוצאו להורג בידי חמאס בטענה ששיתפו פעולה עם ישראל. במהלך הלחימה בין 300 אלף לחצי מיליון מתושבי הרצועה נאלצו לנטוש את בתיהם.מבצע צוק איתן נחשב למבצע הצבאי הנרחב ביותר של צה""ל מאז מלחמת לבנון השנייה, הן מבחינת משך הלחימה, מספר ההרוגים והפצועים בצד הישראלי ובצד הפלסטיני, עלותו הכספית לשני הצדדים הלוחמים ובהיותו המבצע הצבאי הראשון בהיסטוריה של מדינת ישראל שהוענק לאחריו אות מערכה באי הכרזתו כמלחמה.",מבצע צוק איתן
